gene_id	Col_T06_A	Col_T06_B	Col_T09_A	Col_T09_B	Col_T12_A	Col_T12_B	Col_T15_A	Col_T15_B	Col_T18_A	Col_T18_B	Col_T21_A	Col_T21_B	Col_T24_A	Col_T24_B	Col_T27_A	Col_T27_B	Col_T30_A	Col_T30_B	Col_T33_A	Col_T33_B	Col_T36_A	Col_T36_B	Col_T39_A	Col_T39_B	Col_T42_A	Col_T42_B	Col_T45_A	Col_T45_B	Col_T48_A	Col_T48_B
AT1G03840	311.80376736377855	377.54689762250695	443.7468375925178	386.4916706224181	464.58310740845036	484.37849630358807	508.418824596504	502.8912841011218	469.5474747594178	457.82162289867506	454.02530773176096	508.49353837111414	549.8375925619958	427.7215342377733	405.59159551995	454.5130394960989	469.9662934072374	436.5309291716899	623.0343648047499	486.3623891169709	537.298335336864	504.87828172137034	592.7770000763836	495.4886184001793	570.8054611497078	545.1711737389971	505.5598206873651	591.355935468823	476.94346193142036	499.32070595569945
AT1G04240	196.57194029455604	209.29230194291145	208.61405113911195	252.87187371578284	259.4850642224913	248.0187486543536	247.96567234706689	256.4346428848974	296.30301847922266	302.41428301563855	279.96992874813316	381.3701537783356	278.8718770118358	283.18925755852575	357.9467996606787	263.991135268967	320.0487302773301	302.2137201957853	380.27547941911536	363.4918908137362	256.01164991771674	275.7514625760519	220.69336665726883	322.6181448694501	241.2983494770795	195.4675356823295	192.0978405557293	239.0211116415901	195.2047080478809	185.5115122821522
AT1G04550	271.981003597209	236.99275367064973	283.45581524834137	287.35440194975325	365.63804504078325	301.0142077685317	391.27437027426856	334.2630559005472	393.2374166359985	382.2180521447654	382.92183376398106	358.5276706093207	381.65197601362064	343.11727471821376	323.74027955658653	320.02698945341757	361.3181718130911	316.20509613077536	333.96887122416774	319.9752559980072	356.29646819758665	310.38691198173956	347.1883451071668	310.5062008641124	414.7998817294811	368.028719526886	408.76633513602866	364.7285110975375	341.10513416614236	313.8091936735472
AT1G04610	341.4590169771814	274.952631964217	111.96799354924087	109.19467274090623	16.381632842328997	54.05536829646169	17.839257003386106	27.938404672284545	6.8747800111188555	2.1000991876086013	6.665950684479361	23.835634611145974	1.437483902122865	11.750591599938828	6.10830716144503	3.7357236122967032	0	11.193100747992048	7.717768032491271	15.358812287904344	7.33791353267341	3.996398008348578	9.419838820737084	16.516287280005976	4.373988208043738	3.0541802450363984	7.44565273471819	8.852633764503338	6.03725901179013	5.201257353705202
AT1G08925	16.945856921944486	11.285369222411893	4.125136604445716	4.310316029246298	2.6210612547726395	2.119818364567125	1.1892838002257404	4.989000834336526	2.0624340033356567	1.0500495938043006	2.2219835614931203	0	3.5937097553071626	0	0	1.245241204098901	0.8422335007298161	0	1.4032305513620493	0	4.076618629263005	0	2.0185368901579466	0	0.7289980346739563	0	0.7445652734718191	0	1.006209835298355	0
AT1G09605	29.65524961340285	33.856107667235676	55.98399677462044	50.28702034120681	123.18987897431407	85.85264376496856	122.49623142325126	89.80201501805746	164.30724226574063	164.8577862272752	182.94331322960025	142.02065622474476	206.99768190569256	191.53464307900288	211.347427785998	179.31473339024174	202.97827367588567	183.2870247483698	176.80704947161823	151.0283208310594	183.44783831683523	125.22047092825544	156.10018617221453	116.71509677870891	145.0706089001173	116.05884931138314	121.3641395759065	111.54318543274205	128.79485891818945	105.75889952533912
AT1G09745	23.724199690722283	14.36319719216059	18.26846210540246	21.55158014623149	21.623755351874276	21.19818364567125	24.380317904627677	19.956003337346104	24.749208040027877	18.90089268847741	19.997852053438084	17.876725958359483	14.37483902122865	16.450828239914358	9.773291458312046	9.961929632791207	16.84467001459632	11.193100747992048	9.822613859534345	5.119604095968115	9.783884710231213	9.32492868614668	10.092684450789733	8.808686549336521	18.224950866848907	12.216720980145594	10.423913828605468	8.852633764503338	10.06209835298355	10.402514707410404
AT1G09925	20.335028306333385	23.596681101406684	30.054566689533075	31.608984214472855	39.971184135282755	44.516185655909624	41.030291107788045	43.90320734216143	41.24868006671313	47.252231721193525	46.66165479135553	41.71236056950546	48.15571072111598	47.00236639975531	50.08811872384924	46.07392455165934	51.37624354451878	51.76809095946322	44.20176236790456	40.95683276774492	40.76618629263005	46.62464343073341	42.38927469331688	38.53800365334728	36.449901733697814	35.12307281791858	34.250002579703676	42.49264206961602	36.22355407074078	32.94129657346628
AT1G12820	521.9323931958902	542.7236653323537	489.7126454706272	525.8585555680484	437.0619642333377	564.9315941571388	474.5242362900704	540.8076904420794	508.7337208227953	581.7274749675825	484.3924164055002	571.0620792253724	587.2121740171904	568.7286334370392	530.2010616134286	584.0181247223845	539.0294404670823	570.8481381475945	536.7356858959839	609.2328874202057	441.90545941210974	584.8062418883419	514.0540613602237	570.3624540695397	519.0466006878569	615.4173193748343	473.54351392807695	559.4864539166109	510.148386496266	509.7232206631098
AT1G14510	760.0216829492102	811.5206413570734	728.3812632992722	794.5349213910677	709.6523347296921	733.4571541402252	743.3023751410877	764.3149278203557	842.8480293631717	768.636302664748	794.7294538273727	830.2746056215848	769.7726295867942	781.414341395932	794.0799309878538	833.0663655421648	819.493196210111	817.0963546034195	761.9541893895928	837.0552696907868	883.8109188242195	767.308417602927	876.0450103285488	843.4317370989719	885.7326121288569	818.5203056697547	839.8696284762119	851.6233681452211	925.7130484744868	894.6162648372948
AT1G15580	5.931049922680571	4.103770626331597	1.178610458413062	0	1.3105306273863198	1.0599091822835625	0	2.9934005006019153	4.1248680066713135	3.1501487814129017	1.481322374328747	1.9863028842621646	2.87496780424573	0	0	0	4.21116750364908	2.798275186998012	3.508076378405123	0	3.261294903410404	0	6.728456300526489	2.2021716373341302	7.289980346739562	0	4.467391640830915	0	5.031049176491775	6.93500980494027
AT1G16060	133.87226968336145	129.2687747294453	293.4740041448524	218.38934548181246	421.990862018395	323.27230059648656	475.1188781901833	468.9660784276334	514.2335448316903	436.820631022589	485.873738779829	519.418204234556	398.1830408880336	390.1196411179691	499.6595258062034	393.4962204952527	434.5924863765851	408.54817730170976	477.0983874630968	399.329119485513	342.43596485809246	298.3977179566938	342.47842569679824	330.32574560011955	287.2252256615388	290.14712327845785	279.21197755193214	223.0863708654841	263.626976848169	247.92660052661464
AT1G17950	33.04442099779175	16.41508250532639	97.23536281907761	74.71214450693584	191.3374715984027	189.7237436287577	222.39607064221346	254.4390425511628	301.80284248811773	352.816663518245	279.96992874813316	313.835855713422	240.05981165451846	247.93748275870925	271.2088379681593	254.02920563617582	266.14578623062187	288.22234426079524	293.97680051034934	215.02337203066082	216.06078735093928	193.15923707018126	154.75449491210924	165.16287280005977	136.3226324840298	171.0340937220383	72.96739680023826	136.3305599733514	69.4284786355865	60.68133579322736
AT1G19220	373.65614512887595	369.33935636984376	317.63551854232014	376.43426655417676	208.37436975442486	302.0741169508153	288.9959634548549	311.3136520625992	206.93087833467754	261.46234885727085	199.97852053438083	265.17143504899894	201.2477462972011	260.863133518642	267.5438536712923	301.34837139193405	256.0389842218641	260.2395923908151	268.71865058583245	299.49683961413473	211.16884499582366	295.73345261779474	209.92783657642644	308.30402922677825	196.8294693619682	255.02405046053926	224.85871258848937	286.8253339699081	197.2171277184776	225.38781866055876
AT1G19850	188.94630467968102	285.212058530046	338.26120156454874	367.81363449568414	381.3644125694191	508.75640749611	492.36349329345654	627.6163049595349	493.6092047983338	724.5342197249673	656.2258118276349	627.671711426844	902.7398905331592	1092.8050187943109	750.1001194254496	1256.4483749357912	943.301520817394	1193.4643672546522	547.2599150311993	1210.7863686964592	432.12157470187856	700.7017841304506	532.2208933716453	1015.2011248110341	537.2715515547058	679.5551045205987	655.2174406552008	982.6423478598705	567.5023471082723	672.6959510792062
AT1G23080	1652.2210498895874	1541.9918128440977	1554.5871946468285	1800.275328215204	1420.6152000867708	1364.103117598945	1497.90294638432	1359.0038272732695	1435.454066321617	1664.3286061798165	1462.8058446496375	1348.6996584140097	1578.3573245309058	1332.517087433063	1090.9436590340822	1498.025168530978	1153.859895999848	1387.944492751014	1369.5530181293602	1116.073692921049	1503.4569504721962	1288.1722913576916	1729.2132692353075	1178.1618259737597	1657.0125328139027	1621.7697101143276	1770.5762203159857	1356.2234927219113	1814.1963330429344	1891.5239242974585
AT1G26870	18.640442614138937	24.622623757989583	2.9465261460326544	1.4367720097487662	5.242122509545279	12.718910187402749	3.5678514006772213	6.984601168071136	0	0	0.7406611871643735	7.9452115370486585	0	4.700236639975531	0	0	0	2.798275186998012	7.016152756810246	0	11.414532161936414	6.660663347247629	12.11122134094768	15.415201461338912	24.78593317891451	9.162540735109195	37.22826367359095	23.016847787708677	39.24218357663585	31.207544122231216
AT1G28130	396.533051973501	463.72608077547045	498.5522239087252	456.89349910010765	652.6442524383873	671.9824215677786	796.820146151246	692.4733158059098	744.538675204172	770.7364018523566	845.8350757417145	778.6307306307685	842.3655666439989	863.6684825955037	911.3594284875984	904.0451141758022	894.4519777750647	989.1902786037972	1105.745674473295	977.84438232991	931.0996949236704	1260.1975052992516	1013.3055188592891	1125.3097066777407	1026.4292328209303	1276.6473424252144	1042.3913828605466	1246.4508340420698	1105.8246089928923	1043.7189756435107
AT1G30330	560.0605712702653	698.6669491329544	617.5918802084444	512.9276074803095	487.51739338771097	621.1067808181676	681.4596175293492	769.3039286546923	499.10902880722887	743.4351124134448	669.5577131965936	761.7471561145401	852.4279539588589	948.2727421150634	825.843128227368	1110.7551540562197	977.8330943473164	1068.9411214332406	1066.4552190351576	1267.1020137521084	937.6222847304912	1412.0606296164974	1375.9693134576669	1477.6571686512013	1191.1827886572446	1638.5677014620278	1292.565314747078	1643.0488266918194	1201.414543346236	1241.3667550843084
AT1G30490	312.65106020987577	273.9266893076341	282.2772047899283	297.4118060179946	299.4562483577741	344.4704842421578	359.75834956828646	363.19926073969907	332.7393525381526	436.820631022589	411.06695887622726	391.30166819964643	498.80691403663417	481.7742555974919	493.55121864475836	527.982270537934	451.4371563911814	430.93437879769385	494.6387693551224	558.0368464605245	464.7345237359826	504.87828172137034	498.5786118690128	464.65821547750147	543.8325338667713	522.2648219012241	506.30438596083695	467.41906276577623	453.80063571955816	464.6456569309981
AT1G31320	52.53215645802791	58.478731425225256	88.98508961018617	77.58568852643337	176.92163469715317	102.81119068150555	246.77638854684113	151.66562536383037	379.4878566137608	321.315175704116	328.8535671009818	292.9796754286693	388.12065357317357	351.34268883817094	284.64711372333835	400.96766771984613	328.47106528462825	409.94731489520876	489.7274624253552	327.65466214195936	542.1902776919796	438.27164824889405	643.2404223303323	340.23551796812313	653.1822390678648	513.102281166115	574.8043911202443	550.6338201521075	700.3220453676552	622.4171299933893
AT1G32240	89.81304168630578	112.85369222411892	67.77010135875105	79.02246053618214	41.281714762669075	62.53464175473018	55.30169671049693	60.86581017890561	46.06102607449633	70.35332278488814	63.696862096136115	67.5342980649136	61.09306584022176	66.97837211965131	68.41304020818433	82.18591947052747	55.587411048167866	85.34739320343937	84.89544835740398	58.87544710363332	80.7170488594075	75.93156215862298	105.63676391826587	84.78360803736402	112.99469537446322	88.57122710605556	127.32066176368106	86.7558108921327	104.64582287102894	128.297681391395
AT1G47870	207.58674729381997	216.47390053899176	235.72209168261236	209.76871342331987	311.25102400425095	287.23538839884543	332.9994640632073	301.33565039392613	326.5520505281456	348.61646514302777	354.7767086517349	300.9248869657179	275.27816725652866	298.4650266384462	254.10557791611322	281.42451212635166	275.41035473864986	366.5740494967396	284.855801926496	291.81743347018255	271.50280070891614	274.41932990660234	259.71841320032246	240.0367084694202	323.6751273952366	273.34913193075766	299.3152399356713	244.3326919002921	301.86295058950657	348.4842426982486
AT1G51190	38.97547092047232	61.55655939497396	16.500546417782864	34.482528233970385	4.58685719585212	29.677457103939748	5.946419001128702	20.953803504213408	9.624692015566398	9.450446344238705	16.294546117616218	39.72605768524329	21.562258531842975	14.100709919926592	34.206520104092164	39.84771853116483	32.00487302773301	40.574990211471174	44.90337764358558	48.63623891169709	88.87028611793352	50.621041439081985	71.99448241563343	82.58143640002989	104.24671895837575	82.46286661598276	141.46740195964563	100.92002491533805	143.8880064476648	142.16770100127553
AT1G51950	380.43448789765375	354.97615917768314	400.72755586044104	495.68634336332434	421.990862018395	422.9037637311414	382.9493836726884	412.091468916197	402.86210865156494	348.61646514302777	364.4053040848718	379.3838508940734	335.652491145689	317.2659731983483	304.19369663996247	342.44133112719777	377.3206083269576	338.59129762675946	319.93656571054726	345.57327647784774	343.25128858394504	402.30406617375684	308.8361441941658	354.54963361079496	303.2631824243658	306.94511462615804	291.12502192748127	318.69481552212017	257.5897178363789	263.53037258773026
AT1G52150	1057.421471929336	1136.7444634938524	1114.37618842955	1234.1871563741902	1119.8484211016103	1143.6420076839638	1211.8801924300294	1151.46139256487	932.9076475088286	1102.5520734945155	897.6813588432207	925.6171440661687	917.8334715054493	1113.9560836742007	1034.747233148788	1078.3788827496483	987.0976628553444	891.2506470588668	1023.6566872186149	1062.317849913384	732.9760295414883	1257.5332399603524	986.3916936571832	1153.9379379630843	952.0714332841869	1218.617917769523	1044.6250786809621	1090.6444797868112	805.9740780739825	752.4485638360193
AT1G53700	77.10364899484742	93.36078174904384	61.28774383747922	64.65474043869447	15.726367528635839	26.497729557089063	5.3517771010158315	17.960403003611493	3.4373900055594278	4.2001983752172025	0.7406611871643735	8.938362979179741	0	1.1750591599938827	0	0	2.526700502189448	8.394825560994036	3.508076378405123	5.119604095968115	3.261294903410404	2.664265338899052	10.765530080842382	5.505429093335326	10.205972485435387	7.635450612590996	14.146740195964561	8.852633764503338	11.068308188281906	13.87001960988054
AT1G54990	787.1350540243214	785.8720749425008	805.5802483253277	739.9375850206146	818.4263768027567	705.8995154008526	798.6040718515846	736.3765231480712	778.2250972586544	743.4351124134448	759.1777168434828	665.4114662278251	662.6800788786408	663.9084253965437	631.598960493416	630.0920492740439	669.5756330802038	631.0110546680517	646.8892841779048	558.0368464605245	671.8267501025432	584.8062418883419	644.5861135904375	595.6874278988822	743.5779953674354	678.0280143980805	668.6196155776935	678.1117463609556	666.1109109675111	717.7735148113179
AT1G59750	825.2632320986966	736.6268274265217	886.904369955829	962.6372465316733	1066.7719306924644	1004.7939048048172	1067.9768526027149	1065.650578214282	1024.3422216567094	1091.0015279626682	1038.4069844044516	1122.261129608123	1017.019860751927	1104.5556103942497	1078.727044711192	1009.8906165242088	1101.6414189545994	1040.9583695632605	1281.149493393551	1197.987358456539	940.8835796339016	1216.2371272074172	1094.046994465607	1185.869426704429	1007.4752839194075	1227.7804585046322	1036.4348606727722	1111.8908008216192	932.7565173215752	851.2724535564181
AT1G63650	68.63072053387518	86.17918315296353	61.28774383747922	35.91930024371916	11.139510332783718	31.797275468506875	11.892838002257404	18.958203170478797	10.999648017790168	6.300297562825803	8.887934245972481	21.84933172688381	10.781129265921487	14.100709919926592	4.886645729156023	6.226206020494505	15.16020301313669	30.781027056978132	18.241997167706643	7.679406143952172	43.212157470187854	37.29971474458672	51.13626788400131	49.54886184001793	43.01088404576342	38.17725306295498	90.0923980900901	49.57474908121869	73.45331797677993	69.3500980494027
AT1G64000	34.7390066899862	18.466967818492186	143.20117069718702	68.96505646794077	263.4166561046503	269.21693230002484	409.1136272776547	419.07607008426817	468.8599967583059	603.7785164374728	556.9772127476089	632.6374686374994	424.0577511262452	413.6208243178467	503.3245101030704	399.7224265157472	464.91289240285846	377.7671502447316	420.9691654086148	302.0566416621188	237.2592042231069	245.11241117871276	164.17433373284632	178.37590262406457	128.3036541026163	158.8173727418927	70.73370097982281	99.14949816243738	48.29807209432104	50.27882108581696
AT1G65380	78.79823468704187	80.02352721346614	102.53910988193638	83.33277656542843	116.63722583738246	105.99091822835625	123.09087332336414	146.67662452949386	133.3707322157058	149.10704232021067	137.76298081257346	123.1507788242542	148.0608419186551	155.10780911919252	136.82608041636865	164.37183894105493	146.548629126988	137.1154841629026	163.47635923367875	148.46851878307533	141.05100457249998	169.1808490200898	133.89628038047712	149.74767133872086	158.1925735242485	140.49229127167433	144.4456630535329	157.5768810081594	140.86937694176973	152.57021570868594
AT1G67105	10.167514153166692	6.155655939497396	9.428883667304495	21.55158014623149	11.794775646476879	8.4792734582685	6.541060901241572	15.964802669876882	15.124516024461482	18.90089268847741	19.997852053438084	13.904120189835153	24.437226336088706	23.501183199877655	26.87655151035813	22.414341673780218	26.951472023354114	27.98275186998012	33.677533232689186	35.837228671776806	35.87424393751444	33.303316736238145	26.913825202105954	24.223888010675434	22.598939074892645	24.433441960291187	22.336958204154573	31.869481552212015	29.1800852236523	38.142553927171484
AT1G68880	198.2665259867505	171.33242364934418	550.4110840788999	329.02079023246745	872.813397839289	525.714954412647	1424.761992670437	828.1741384998633	1938.0004851344052	1418.61700122961	1459.8431999009802	978.2541704991161	1339.73499677851	1084.5796046743537	714.6719378890684	1140.6409429545934	994.6777643619128	1010.1773425062823	890.3497848392203	755.1416041552969	1252.3372429095953	828.5865203976051	1219.8691272854524	694.7851515789181	1517.044910156503	1362.1643892862337	1140.6739989588268	885.2633764503337	1547.55072668887	1482.3583458059827
AT1G70210	275.3701749815979	277.0045172773828	480.8730670325292	455.45672709035887	857.7422956243463	710.1391521299869	947.8591887799151	768.3061284878249	894.4088794465631	850.5401709814835	793.9887926402083	818.3567883160118	606.618206695849	701.510318516348	715.8935993213574	646.2801849273296	584.5100495064924	593.2343396435786	449.03377643585577	524.7594198367318	385.6481223282803	359.675820751372	303.4533791537446	361.15614852279737	272.6452649680596	280.98458254334867	227.83697368237662	262.0379594292988	253.5648784951855	237.52408581920423
AT1G70940	1398.8804889065175	1487.616852045204	1310.0255245261183	1317.5199329396185	1144.0932377082572	1101.2456403926215	1298.6979098465085	1095.584583220301	953.5319875421852	1105.7022222759285	1082.1059944471497	1104.3844036497635	1109.7375724388517	1171.533982513901	1116.5985491121514	1205.3934855677362	1105.0103529575188	1092.7264605227238	1115.5682883328293	1154.4707236408099	1101.502353626864	1149.630493734941	1218.523436025347	1119.8042775844053	1152.5458928195249	1249.159720219887	1439.2446736210263	1241.1392537833678	1173.2406679578821	1322.8531202923564
AT1G73590	561.7551569624598	552.9830918981827	589.305229206531	640.8003163479497	632.3310277138993	641.2450552815553	836.0665115586955	678.5041134697675	701.2275611341232	735.0347156630104	688.8149040628673	682.2950407440535	652.6176915637807	688.5846677564152	515.5411244259604	580.2824011100879	493.5488314276722	521.8783223751292	531.8243789662167	496.6015973089072	639.2138010684392	587.4705072272409	735.4202736475452	623.2145733655589	742.8489973327614	765.0721513816178	1081.8533423545532	718.8338616776709	889.489494403746	960.4988579842274
AT1G74500	450.75979412372334	485.27087656371134	341.7970329397879	166.66555313085686	48.489633213293835	152.62692224883298	32.11066260609499	118.73821985720932	32.99894405337051	17.85084309467311	28.885786299410565	94.34938700245281	36.655839504133056	42.302129759779774	29.31987437493614	19.923859265582415	37.90050753284172	79.75084282944334	63.84699008697324	51.19604095968115	90.50093356963872	45.29251076128388	74.68586493584402	58.357548389354456	102.78872288902784	82.46286661598276	116.8967479350756	69.05054336312602	118.73276056520591	112.69390933027938
AT1G75820	693.9328409536267	778.6904763464205	787.3117862199254	931.0282623172004	830.2211524492336	898.802986576461	765.3041254452639	867.0883450076882	713.6021651541372	831.639278293006	721.4039962980997	768.6992162094577	761.8664681251184	876.5941333554365	1023.7522802581869	896.5736669512087	970.2529928407481	833.8860057254076	801.2446448277302	1169.8295359287142	675.9033687318063	900.5216845478795	787.2293871615991	1043.8293560963778	797.5238499333082	871.9684599578917	807.8533217169237	812.6717795814063	817.0423862622644	797.5261275681311
AT1G76420	0	2.0518853131657986	2.357220916826124	5.747088038995065	1.9657959410794799	0	2.378567600451481	0.9978001668673051	0.6874780011118855	0	2.2219835614931203	0	2.1562258531842975	0	0	1.245241204098901	0.8422335007298161	0	4.911306929767172	2.5598020479840575	7.33791353267341	14.653459363944785	5.382765040421191	3.3032574560011954	10.205972485435387	4.581270367554597	17.86956656332366	19.47579428190734	18.11177703537039	34.67504902470135
AT1G76540	198.2665259867505	223.65549913507203	417.8174075074304	364.9400904761866	796.8026214508825	629.5860542764361	974.0234323848814	748.3501251504789	1069.7157697300938	877.8414604203953	967.3035104366718	879.9321777281389	764.0226939783028	813.1409387157669	693.9036935401554	717.258933560967	677.1557345867722	716.3584478714911	633.5585939399652	665.5485324758549	603.3395571309247	436.9395155794445	545.0049603426455	526.3190213228571	578.0954414964473	500.8855601859693	601.6087409652298	456.7959022483722	561.4650880964822	587.7420809686879
AT1G77690	2823.1797631959516	2415.069013596145	1853.9542510837464	2048.8368859017405	1101.5009923182017	1123.5037332205761	1342.701410454861	1240.2656074160602	1406.5799902749177	1256.9093637837477	1461.324522275309	1306.9872978445044	1556.7950659990627	1353.6681523129528	1226.548078018162	1392.1796661825713	1401.476545214414	1281.6100356450895	2083.095753496962	1382.293105911391	1873.6139220092773	1582.5736113060368	1895.4061398583117	1477.6571686512013	1775.8392124657576	1667.5824137898735	1760.896871760852	1658.9835674679255	1495.2278152533556	1626.2597992584933
AT1G77850	204.19757590943107	172.35836630592706	185.0418419708507	234.19383758904888	209.68490038181116	213.04174563899605	186.71755663544124	205.54683437466485	141.6204682290484	177.45838135292678	188.12794153975085	164.86313939375967	196.21655263977107	171.55863735910688	213.79075065057603	166.86232134925274	218.13847668902235	181.88788715487078	223.11365766656584	197.10475769477242	199.75431283388724	181.17004304513551	190.41531330489963	209.20630554674239	185.16550080718488	219.9009776426207	164.548925437272	216.00426385388144	208.28543590675952	187.24526473338727
AT1G79580	42.36464230486122	76.94569924371744	11.786104584130618	25.861896175477792	5.242122509545279	33.917093833074	8.919628501693053	27.938404672284545	11.687126018902054	6.300297562825803	8.887934245972481	22.842483169014894	19.406032678658676	12.92565075993271	17.103260052046082	9.961929632791207	20.213604017515586	22.386201495984096	11.225844410896395	10.23920819193623	10.599208436083813	13.321326694495259	19.512523271526817	8.808686549336521	18.953948901522864	13.743811102663793	52.119569143027334	10.623160517404004	30.186295058950655	41.610058829641616
AT1G79840	575.3118425000154	531.4382961099418	385.99492513027775	364.9400904761866	183.47428783408478	232.1201109201002	149.8497588284433	189.58203170478797	143.68290223238407	119.70565369369027	139.24430318690221	137.05489901408936	115.71745412089064	119.85603431937604	95.28959171854245	115.8074319811978	106.12142109195683	142.7120345368986	94.0164469412573	79.35386348750578	90.50093356963872	106.57061355596207	102.94538139805528	102.40098113603706	90.39575629957058	82.46286661598276	105.72826883299831	102.69055166823871	117.72655072990754	114.42766178151444
AT1G80100	2.541878538291673	10.259426565828992	6.48235752127184	22.98835215598026	10.484245019090558	11.659001005119187	22.0017503041762	6.984601168071136	10.999648017790168	17.85084309467311	18.516529679109336	9.931514421310823	10.062387314860056	9.400473279951061	12.21661432289006	7.4714472245934065	10.94903550948761	9.793963154493042	14.733920789301518	23.038218431856517	56.25733708382947	42.62824542238483	53.15480477415926	31.93148874134489	49.57186635782902	38.17725306295498	91.58152863703374	88.52633764503338	92.57130484744867	71.08385050063777
AT1G80370	129.63580545287533	186.72156349808768	122.57548767495844	109.19467274090623	140.22677713033622	125.06928350946036	161.7425968307007	147.67442469636117	155.37002825128613	152.2571911016236	171.83339542213466	127.12338459277854	166.74813264625234	141.00709919926592	153.92934046841475	149.42894449186812	122.12385760582333	130.11979619540756	161.37151340663567	148.46851878307533	172.0333061548988	167.84871635064027	191.08815893495228	199.2965331787388	241.2983494770795	218.3738875201025	294.84784829484033	203.61057658357674	269.66423585995915	291.2704118074913
AT2G01420	1081.9929644661554	1113.1477823924456	893.9760327063074	958.326930502427	635.6073542823651	769.4940663378663	429.3314518814923	595.6866996197812	292.8656284736632	268.81269601390096	173.31471779646338	273.11664658604764	135.84222875061073	188.00946559902124	133.16109611950165	173.08852736974725	150.75979663063708	215.46718939884693	201.36358412045408	217.58317407864487	264.16488717624276	267.7586665593547	307.4904529340605	298.39425685877467	252.96231803186282	271.8220418082395	407.27720458908504	322.23586902792147	305.88778993069997	341.5492328933083
AT2G14878	377.0453165132648	438.07751436089796	335.9039806477226	353.44591439819646	463.27257678106406	464.2402218402004	578.5865688098227	463.9770775932969	595.3559489628929	585.9276733427997	715.4787068007847	745.8567330404428	857.459147616289	676.8340761564764	1182.5682664557578	672.4302502134066	1170.7045660144445	688.375696001511	1492.3356913735395	829.3758635468346	1305.3332850900142	993.7709714093463	1163.3500943610297	1000.8870091683622	1075.2721011440856	713.151087215999	984.3152915297449	934.8381255315525	827.1044846152479	707.3710001039075
AT2G14960	208.4340401399172	152.865455830852	267.544574059765	308.9059820959847	254.8982070266392	236.35974764923444	187.3121985355541	169.62602836744188	175.3068902835308	144.90684394499348	108.8771945131629	106.26720430802581	126.49858338681211	96.35485111949838	125.8311275257676	102.10977873610989	106.12142109195683	81.14998042294235	103.83906080079166	107.51168601533041	134.52841476567917	121.22407291990686	123.80359592968739	97.9966378613688	112.26569733978927	132.85684065908333	117.64131320854742	115.08423893854338	119.73897040050426	121.36267158645472
AT2G22490	568.5334997312375	519.1269842309471	672.9865717538584	590.5132960067428	652.6442524383873	642.3049644638388	726.0577600378145	616.6405031239946	751.4134552152909	687.7824839418168	813.245983506482	631.6443171953683	829.4282115248931	791.9898738358769	692.6820321078663	836.8020891544614	778.2237546743501	811.4998042294235	743.0105769462051	742.3425939153767	731.3453820897831	714.0231108249459	710.5249853355972	722.3122970455947	723.8950484312386	687.1905551331896	864.4402825007819	665.718059090651	857.2907796741986	899.817522191
AT2G23050	172.00044775773654	283.1601732168802	162.058938031796	126.43593685789142	25.55534723403324	127.1891018740275	29.13745310553064	85.81081435058825	13.749560022237711	16.80079350086881	16.294546117616218	91.36993267605958	17.968548776535812	38.77695227979813	32.98485867180316	13.697653245087912	16.84467001459632	71.3560172684493	42.79853181654251	56.31564505564926	49.734747277008665	47.956776100182935	90.8341600571076	78.17709312536162	103.51772092370179	83.98995673850095	146.67935887394836	139.87161347915273	141.87558677706807	178.57650247721196
AT2G23170	175.38961914212544	178.51402224542448	420.1746284242565	491.376027334078	792.8710295687235	673.0423307500622	1283.8318623436867	899.0179503474419	1805.3172309198114	1477.4197784826508	1449.473943280679	1064.6583459645203	1309.54783483393	1377.1693355128305	1057.9588003622791	1210.3744503841317	1385.4741087005475	1357.1634656940357	872.1077876715136	1228.7049830323476	833.2608478213583	631.4308853190753	838.3656550456004	640.8319464642319	857.3016887765725	1126.992510418431	1072.1739937994193	621.4548902681342	1067.5886352515547	1151.2116276200848
AT2G23380	769.3419042562797	693.5372358500399	628.1993743341619	537.3527316460386	492.1042505835631	559.632048245721	492.36349329345654	548.7900917770178	471.60990876275343	532.3751440587804	507.3529132075958	578.0141393202899	493.0569784281427	599.2801715968802	505.7678329676484	530.4727529461319	491.02213092548277	587.6377892695825	501.65492211193265	573.3956587484289	423.96833744335254	535.5173331187094	555.0976447934353	610.001543541554	551.8515122481849	623.0527699874252	557.6793898303924	587.8148819630215	480.96830127261376	533.9957549804008
AT2G25170	946.4261090905997	1071.084133472547	1092.5718949489083	997.1197747656437	934.408337326446	1176.4991923347543	1136.9553130158079	1201.3514009082353	914.3457414788078	1150.8543548095133	949.5276419447268	1169.932398830415	988.9889246605311	1368.9439213928733	1180.1249435911798	1276.3722342013737	1032.5782718947546	1098.3230108967198	1067.1568343108386	1372.0538977194549	905.0093356963871	1277.5152300020954	1042.9107265816058	1447.9278515471906	953.5294293535347	1400.3416423491888	1076.6413854402504	1356.2234927219113	944.8310353451554	1021.1801937774547
AT2G26700	27.960663921208404	55.40090345547656	20.625683022228582	30.17221220472409	17.692163469715318	25.437820374805497	17.244615103273237	22.94940383794802	11.687126018902054	14.700694313260207	16.294546117616218	13.904120189835153	22.99974243396584	15.275769079920476	34.206520104092164	14.942894449186813	30.32040602627338	41.97412780497018	37.88722488677533	56.31564505564926	58.70330826138728	47.956776100182935	104.29107265816057	66.0651491200239	75.08679757141749	91.62540735109195	100.51631191869558	84.98528413923204	87.5402556709569	78.01886030557803
AT2G27230	759.1743901031131	973.6195810971714	843.8850882237523	866.373521878506	844.6369893504832	867.0057111079541	901.4771205711112	993.8089661998359	843.5355073642835	1017.4980563963672	873.9802008539607	1061.678891638127	1058.7068939134901	1049.3278298745372	994.4324058832508	1135.6599781381976	1024.9981703881863	1178.073853726163	1154.1571284952856	1231.2647850803316	1101.502353626864	1408.064231608149	1281.0980796202434	1407.1876762565093	1302.7194879623598	1495.021229945317	1477.217502568089	1554.522489046786	1331.2156120997238	1496.2283654158632
AT2G30590	123.70475553019476	113.87963488070181	97.82466804828414	123.56239283839389	91.73714391704239	90.09228049410281	108.81946772065524	97.7844163529959	103.80917816789471	100.80476100521285	87.39802008539607	99.31514421310823	91.99896973586335	94.00473279951062	101.3978988799875	94.63833151151648	112.01705559706554	111.93100747992048	137.51659403348083	102.3920819193623	169.58733497734102	133.21326694495258	159.46441432247778	126.62486914671248	180.0625145644672	148.12774188426533	181.67392672712384	159.34740776106008	183.13019002430065	183.77775983091715
AT2G33310	688.8490838770434	717.1339169514466	822.0807947431107	853.4425737907671	906.8871941513333	763.134611244165	1043.5965346980872	814.204936163721	958.3443335499684	918.793394578763	1039.8883067787804	959.3842930986254	1034.9884095284629	960.0233337150022	965.1125315083146	983.7405512381318	1028.3671043911054	917.834261335348	996.293691467055	916.4091331782926	1118.6241518697686	943.1499299702643	952.7494121545508	856.6447669229767	1024.9712367515824	965.1209574315019	1020.0544246563921	920.673911508347	931.7503074862768	1052.387737899686
AT2G34650	69.4780133799724	63.60844470813976	61.28774383747922	58.907652399699415	49.14489852698699	39.21663974449181	33.29994640632073	36.91860617409029	38.49876806226559	22.05104146989031	42.958348855533664	33.7671490324568	28.7496780424573	27.0263606798593	43.97981156240421	28.640547694274723	27.793705524083933	25.18447668298211	38.58884016245636	28.15782252782463	71.74848787502889	43.96037809183436	63.92033485500164	59.458634208021515	63.422829016634196	51.92106416561877	99.02718137175194	53.11580258702002	81.50299665916677	81.48636520804817
AT2G34655	26.266078229013957	11.285369222411893	33.00109283556573	12.930948087738896	5.242122509545279	4.23963672913425	3.5678514006772213	1.9956003337346102	1.374956002223771	0	8.147273058808109	3.9726057685243292	10.062387314860056	3.525177479981648	0	2.490482408197802	1.6844670014596321	5.596550373996024	11.225844410896395	2.5598020479840575	1.630647451705202	2.664265338899052	1.3456912601052977	2.2021716373341302	2.186994104021869	3.0541802450363984	1.4891305469436382	0	2.01241967059671	0
AT2G34710	577.0064281922098	587.8651422220013	546.2859474744541	560.3410838020188	537.3175572283911	564.9315941571388	646.9703873228028	650.565708797483	642.7919310396129	730.8345172877931	718.4413515494423	647.5347402694656	866.0840510290261	802.5654062758219	998.0973901801178	993.7024808709231	864.9738052495211	854.8730696278926	1106.447289748976	1123.7530990650012	1054.2135775274132	1181.6016778017295	1180.171235112346	1309.1910383951404	1106.6190166350657	1201.8199264218229	1378.190321196337	1241.1392537833678	985.0794287570897	1036.7839658385703
AT2G36010	115.23182706922252	110.80180691095312	121.39687721654536	110.63144475065499	93.0476745444287	122.94946514489324	130.82121802483144	102.77341718733243	149.18272624127917	115.50545531847305	119.24645113346413	137.05489901408936	109.24877656133773	119.85603431937604	145.3777104423917	112.07170836890108	124.65055810801279	138.5146217564016	147.33920789301519	125.43030035121882	120.66791142618496	141.20606296164974	156.10018617221453	148.6465855200538	166.21155190566202	129.80266041404693	157.84783797602563	131.0189797146494	225.39100310683156	190.71276963585743
AT2G36930	366.0305095140009	406.2732920068281	387.76284081789737	307.46921008623593	325.0115955918073	307.3736628622331	388.8958026738171	316.30265289693574	405.6120206560125	348.61646514302777	444.3967122986241	404.2126369473505	448.49497746233385	376.0189311980425	397.0399654939269	410.92959735263736	450.5949228904516	411.34645248870777	531.1227636905356	407.0085256294651	631.0605638099132	357.01155541247294	613.6352146080158	398.5930663574776	539.4585456587276	447.4374058978324	529.3859094384634	444.40221497806755	577.5644454612559	603.3458530298035
AT2G38120	3218.8655223233554	3158.877439618747	2848.112172755164	3159.461649437537	2807.156603861497	2833.1372442439624	2933.9631351569014	2865.6820792429003	2563.6054661462213	2724.8786959221597	2412.3334865943643	2442.1593962003312	2445.8788594620546	2286.665125348096	2174.5573494744303	2205.3221724591535	2130.008523345705	1960.1917684921075	2260.6044182442615	1919.851535988043	2065.2149975846382	1944.913697396308	2059.580473591158	2107.4782569287627	2065.9804302659923	1875.2666704523485	2084.0382004476214	1800.6257076999789	1873.5627133255373	1770.161252711004
AT2G39700	400.7695162039871	374.4690696527582	850.9567509742307	939.6488943756931	1535.2866299830737	1164.8401913296352	2351.214073046289	1562.5550613142	2694.9137643585914	3210.0016082597467	3518.140639030774	2572.262235119503	5018.2563023109215	3800.141323420217	3109.12834517552	4647.240173697099	3763.941514761548	4435.266171391849	5784.116332714368	4269.749816037408	8176.066322849883	6226.388097007084	10297.229522325737	6305.918483506282	9979.254096651788	7371.264021395347	9993.555100538755	8539.250529239918	9886.01163180634	10014.15415833375
AT2G42360	49.990277919736236	56.42684611205946	97.82466804828414	84.7695485751772	171.6795121876079	135.668375332296	166.49973203160366	148.67222486322848	171.1820222768595	131.25619922553756	159.98281642750467	121.16447593999204	159.56071313563803	105.75532439944945	141.71272614552467	129.5050852262857	128.01949211093205	103.53618191892645	126.29074962258444	112.63129011129853	184.26316204268784	122.55620558935638	137.93335416079302	100.19880949870293	112.26569733978927	119.11302955641953	123.59783539632197	92.06739115083471	139.86316710647137	135.23269119633525
AT2G42430	148.27624806701425	177.48807958884157	204.48891453466624	267.2395938132705	239.82710481169653	189.7237436287577	223.58535444243918	191.57763203852258	233.05504237692918	204.7596707918386	257.0094319460376	243.32210332211517	244.37226336088705	251.4626602386909	195.46582916624095	237.8410699828901	219.822943690482	211.2697766183499	185.92804805547155	240.6213925105014	186.70913322024563	149.1988589783469	135.91481727063507	134.33246987738195	126.11665999859443	166.4528233544837	109.4510952003574	123.93687270304672	89.55267534155361	84.95387011051831
AT2G42440	50.83757076583346	42.06364891989887	61.28774383747922	76.14891651668461	45.21330664482804	44.516185655909624	40.435649207675176	43.90320734216143	39.186246063377475	31.501487814129018	22.960496802095577	16.8835745162284	7.906161461675757	23.501183199877655	10.994952890601052	9.961929632791207	17.686903515326136	13.99137593499006	8.419383308172296	12.799010239920287	7.33791353267341	6.660663347247629	10.092684450789733	4.4043432746682605	5.1029862427176935	1.5270901225181992	9.679348555133648	0	2.01241967059671	0
AT2G45420	80.4928203792363	68.73815799105425	106.6642464863821	86.20632058492596	108.77404207306455	103.87109986378913	152.82296832900764	103.77121735419973	133.3707322157058	102.90486019282146	96.28595433136856	65.54799518065143	64.68677559552893	49.352484719743074	61.0830716144503	54.790612980351646	41.26944153576099	36.377577430974156	38.58884016245636	38.39703071976086	55.44201335797687	39.96398008348578	45.08065721352747	30.830402922677823	41.552887976415505	32.068892572882184	55.84239551038643	28.32842804641068	45.27944258842598	43.343811280876686
AT2G46130	9.320221307069469	6.155655939497396	59.51982814985962	24.425124165729024	123.18987897431407	108.11073659292337	214.07108404063328	190.57983187165527	245.42964639694313	277.21309276433533	225.16100089796953	182.73986535211915	219.93503702479833	171.55863735910688	173.47592338503884	211.69100469681317	154.12873063355636	187.4844375288668	188.73450915819564	117.75089420726664	140.23568084664737	81.26009283642108	106.30960954831852	57.25646257068739	87.47976416087475	85.51704686101915	58.07609133080189	53.11580258702002	35.21734423544243	32.94129657346628
AT2G47000	8189.93265037577	6834.829978155275	8111.197174798692	7601.960703580722	6164.736071225248	6841.713771640396	6519.653792837509	6551.555895650726	5451.700548817252	5806.774253737782	4469.8902645369935	5168.360104850152	3755.426694295985	5238.413735252729	4637.426796969066	4952.324268701329	4227.169940162947	4689.909213408668	4845.355093853156	5367.9048946225685	3699.9390679191033	4992.833245096823	3963.0607610101015	4478.116024518954	3557.5104092089064	5754.075581648574	3255.239375618793	5237.218135080175	3064.91515831879	3346.14223088368
AT3G02260	2400.3806329934364	2541.2599603558415	2611.2114706141383	2464.063996719134	2566.018968422414	2685.8098679065474	2837.6311473386168	2943.51049225855	2369.7366698326696	2805.732514645091	2283.4584400277636	2692.433559617364	2366.8172448452974	3046.928401864138	2878.234334472898	2952.4668949184943	2478.6931926478487	2603.7950615016503	2378.4757845586737	2984.729187949411	1887.4744253487713	2710.889982329785	2116.0995065155807	2828.6894681556905	2009.1185835614235	2712.112057592322	2118.2882030273254	2659.3311828568026	1977.2023263612678	2179.3268312024798
AT3G03315	18.640442614138937	7.181598596080295	21.214988251435113	12.930948087738896	22.934285979260597	15.898637734253438	16.055331303047495	11.973602002407661	24.749208040027877	13.650644719455906	17.035207304780588	7.9452115370486585	21.562258531842975	8.225414119957179	9.773291458312046	11.207170836890109	10.106802008757793	11.193100747992048	7.016152756810246	12.799010239920287	19.567769420462426	5.328530677798104	20.185368901579466	5.505429093335326	11.6639685547833	7.635450612590996	19.358697110267297	5.311580258702002	22.13661637656381	19.071276963585742
AT3G11280	806.6227894845575	777.6645336898376	1071.9462119266798	1117.80862358454	1888.4746340636868	1511.43049393636	2074.1109475936914	1999.5915344020796	2621.3536182396197	2688.1269601390095	2753.0376326899764	2444.1456990845936	2983.497838856006	2670.9094706660953	2712.088379681593	2626.2136994445823	2616.819486767539	2637.3743637456264	2180.6202768166245	2370.376696433237	2326.9339135833234	2152.726393830434	2360.342470224692	2221.9911820701373	2586.485027023197	2192.901415936134	2273.9023451829353	2165.3542187975163	2381.6986801512066	2167.1905640438345
AT3G12280	648.1790272643766	646.3438736472266	832.6882888688282	814.6497295275504	834.1527443313926	897.7430773941774	1012.0805139921051	1053.6769762118743	831.8483813453814	996.4970645202812	878.4241679769469	920.6513868555132	738.1479837400911	955.3230970750267	849.0546954408591	926.4594558495824	765.5902521634029	874.4609959368787	743.7121922218862	837.0552696907868	654.7049518596386	859.2255717949442	750.8957231387561	786.1752745282845	761.8029462342843	998.7169401269023	786.2609287862409	771.949664264691	723.4648715795173	679.6309608841465
AT3G12965	989.6380442415581	740.7305980528532	1035.9985929450813	413.7903388076447	659.1969055753189	382.627214804366	729.6256114384918	449.01007509028733	858.660023388745	446.27107736682774	1015.446487602356	474.7263893386573	1079.5504104942715	526.4265036772595	768.4250409097847	525.4917881297363	900.3476122801734	568.0498629605964	1092.4149842353554	483.80258706898684	1281.6888970402888	526.1924044325627	1340.3084950648765	514.2070773175194	1074.5431031094115	641.3778514576437	1243.4240066979378	697.587540642863	1277.886490828911	955.2976006305222
AT3G14370	182.16796191090324	189.79939146783636	120.2182667581323	119.2520768091476	16.381632842328997	46.63600402047675	11.298196102144534	11.973602002407661	4.1248680066713135	3.1501487814129017	8.887934245972481	14.897271631966234	3.5937097553071626	4.700236639975531	6.10830716144503	12.45241204098901	4.21116750364908	8.394825560994036	10.52422913521537	10.23920819193623	7.33791353267341	2.664265338899052	10.765530080842382	15.415201461338912	5.83198427739165	7.635450612590996	14.146740195964561	17.705267529006676	16.09935736477368	17.337524512350676
AT3G15540	445.67603704714	277.0045172773828	297.0098355200916	313.216298125231	262.76139079095714	205.6223813630111	256.8853008487599	177.6084297023803	246.8046023991669	163.80773663347088	188.12794153975085	141.02750478261368	143.02964826122508	102.2301469194678	157.59432476528175	109.58122596070329	124.65055810801279	106.33445710592446	113.661674660326	166.38713311896373	140.23568084664737	69.27089881137535	127.84066971000328	78.17709312536162	91.12475433424453	91.62540735109195	99.77174664522376	97.3789714095367	95.58993435334374	90.15512746422351
AT3G20840	59.3104992268057	86.17918315296353	30.054566689533075	47.41347632170928	23.589551292953757	59.354914207879496	18.433898903498974	36.91860617409029	14.437038023349595	17.85084309467311	11.850578994629975	34.76030047458788	12.218613168044353	30.551538159840952	23.21156721349111	13.697653245087912	32.84710652846283	41.97412780497018	43.50014709222353	53.755843007665206	78.2710776818497	82.5922255058706	104.96391828821322	74.87383566936043	101.33072681967992	76.35450612590996	165.29349071074384	115.08423893854338	148.91905562415656	126.56392894015993
AT3G23030	1738.6449201915043	1397.3338982659088	959.3889131482323	1261.4858245594166	783.6973151770193	838.3881631862979	682.0542594294621	648.5701084637484	646.2293210451724	623.7294587197546	531.7947323840201	607.8086825842223	467.1822681899311	640.4072421966661	541.1960145040296	535.4537177625274	675.4712675853125	614.2214035460636	520.5985345553203	701.3857611476318	558.4967522090317	586.1383745577914	558.4618729436985	671.6623493869097	591.9464041552525	590.9838774145431	666.3859197572781	623.2254170210349	633.9121962379637	565.203299102632
AT3G25710	206.73945444772275	273.9266893076341	290.52747799881973	260.0557337645267	416.7487395088497	428.20330964255925	496.5259865942466	522.8472874384679	597.4183829662285	552.3260863410621	599.9355616031426	615.7538941212711	746.0541452017669	646.2825379966355	751.3217808577386	769.5590641331208	683.8936025926107	727.5515486194831	798.4381837250061	806.337645114978	1006.1094777021096	811.2687956947613	940.638190813603	750.9405283309384	1186.8088004492008	1036.8941931898573	1127.271824036334	947.2318128018571	1247.7001957699604	1211.8929634133121
AT3G26810	2002.152995327741	1892.864201395449	1785.5948444957887	2014.35435766777	1506.4549561805748	1745.6704232210272	1603.154562704298	1702.2470846756225	1543.3881124961829	1621.27657283384	1400.5903049278302	1606.919033368091	1341.172480680633	1559.3035053118824	1308.3993939815252	1465.6488972244065	1453.6950222596627	1428.5194829624852	1503.5615357844358	1464.2067714468808	1216.4629989720806	1405.39996626925	1350.4011795156662	1414.8952769871787	1331.150411314644	1334.676767080906	1136.9511725914676	1419.9624558263354	1099.7873499811021	1213.6267158645471
AT3G28860	3007.8896036451465	2943.429481736338	1988.9051485720418	1732.747043757012	740.4498044732707	1286.7297472922448	825.3629573566639	1165.4305949010125	617.3552449984732	705.63332703649	624.3773807795668	928.596598392562	674.1799500956237	914.1960264752407	674.3571106235313	714.7684511527692	643.4663945575795	920.632536522346	679.1635868592318	773.0602184911853	765.5889785755924	943.1499299702643	939.2924995534978	1026.2119829977048	924.3695079665765	891.8206315506284	1115.3587796607849	1026.905516682387	1002.1849959571617	1057.5889952533912
AT3G44750	586.3266494992793	725.3414582041098	770.2219345729359	652.2944924259398	526.8333122093006	590.3694145319442	715.9488477358957	700.4557171408483	825.6610793353746	632.1298554701889	808.0613551963314	734.9320671770009	815.7721144547259	726.1865608762195	588.8408103633009	729.711345601956	645.1508615590391	775.1222267984493	759.8493435625497	650.1897201879506	1103.9483248044219	722.0159068416431	1185.5540001527672	807.0959050829588	1467.4730437986739	989.5543993917931	1439.9892388944982	959.6255000721618	1550.5693561947653	1556.9097012090906
AT3G50630	713.4205764138629	606.3321100404935	568.6795461843024	620.685508211467	549.112332874868	457.880766746499	455.49569548645854	458.98807675896035	466.11008475385836	436.820631022589	416.2515871863779	410.171545600137	351.46481406904047	367.7935170780853	382.3800283064588	419.64628578132965	396.69197884374336	358.17922393574554	333.96887122416774	279.0184232302623	313.8996344532514	277.0835952455014	275.86670832158603	310.5062008641124	287.95422369621275	279.4574924208305	284.42393446623487	276.2021734525041	264.6331866834674	230.58907601426398
AT3G50870	14.403978383652815	26.67450907115538	22.393598709848174	14.36772009748766	7.863183764317919	8.4792734582685	8.324986601580182	5.986801001203831	4.812346007783199	7.350347156630104	7.406611871643735	11.917817305572987	15.812322923351514	16.450828239914358	23.21156721349111	23.65958287787912	22.740304519705035	27.98275186998012	42.79853181654251	20.47841638387246	61.14927943894508	57.28170478632961	48.44488536379072	42.94234692801554	77.27379167543937	50.39397404310058	86.36957172273101	53.11580258702002	77.47815731797334	71.08385050063777
AT3G54220	711.7259907216685	721.2376875777782	688.3085077132281	775.8568852643338	560.9071085213449	674.1022399323457	462.03675638770017	504.8868844348564	369.86316459819443	430.5203334597632	370.33059358218674	478.69899510718164	356.4960077264705	394.8198777579446	332.2919095826096	363.6104315968791	387.4274103357154	416.9430028627038	411.14655154908047	458.2045665891463	445.16675431552017	412.96112752935306	460.2264109560118	485.5788460321757	431.5668365269821	482.56047871575095	512.2609081486115	531.1580258702003	495.05523896679074	492.38569615075914
AT3G54610	284.6903962886674	243.14840961014713	351.2259166070924	313.216298125231	359.08539190385164	338.1110291484564	399.0047149757359	416.08266958366625	354.7386485737329	431.5703830535675	419.95489312219973	387.3290624311221	391.7143633284807	373.6688128780547	342.06520104092164	347.4222959435934	314.1530957722214	328.7973344722664	383.7835557975205	309.73604780607093	369.34164781122826	359.675820751372	345.8426538470615	327.02248814411837	277.7482512107773	331.37855658644924	312.71741485816403	309.8421817576168	346.1361833426342	334.614223088368
AT3G58190	53.37944930412513	29.752337040904077	43.019281732076756	56.03410838020188	72.73444981994075	49.81573156732743	57.08562241083554	49.89000834336526	69.43527811230044	54.602578877823625	60.734217347478626	52.63702643294736	48.87445267217741	48.17742555974919	42.758150130115204	47.31916575575824	26.951472023354114	53.16722855296223	42.09691654086148	43.51663481572898	45.658128647745656	30.639051397339095	45.75350284358012	14.314115642671847	29.888919421632206	32.068892572882184	23.08152347762639	15.934740776106008	26.161455717757235	34.67504902470135
AT3G58780	37.280885228277874	17.441025161909288	13.554020271750211	8.620632058492596	12.450040960170039	10.599091822835625	9.514270401805923	13.969202336142272	6.8747800111188555	4.2001983752172025	15.553884930451844	7.9452115370486585	8.62490341273719	10.575532439944944	6.10830716144503	4.980964816395604	8.42233500729816	11.193100747992048	16.838766616344593	15.358812287904344	8.15323725852601	10.657061355596207	20.185368901579466	12.111944005337717	14.579960693479125	10.689630857627394	16.38043601638002	17.705267529006676	22.13661637656381	17.337524512350676
AT3G61198	37.280885228277874	28.72639438432118	31.82248237715267	34.482528233970385	24.900081920340078	27.557638739372624	33.29994640632073	17.960403003611493	23.37425203780411	27.301289438911812	46.66165479135553	37.739754800981125	61.811807791283194	58.75295799969413	69.63470164047334	53.54537177625274	68.2209135591151	86.74653079693837	46.30660819494763	40.95683276774492	107.62273181254334	87.92075618366871	98.90830761773938	103.50206695470412	83.10577595283101	67.19196539080076	105.72826883299831	79.67370388053004	112.69550155341578	90.15512746422351
AT3G61830	57.61591353461126	31.80422235406988	72.48454319240331	63.21796842894571	103.53191956351927	99.63146313465487	126.06408282392849	125.72282102528045	189.05645030576852	155.40733988303649	192.57190866273712	194.65768265769213	183.9979394717267	207.98547131891723	190.5791834370849	181.80521579843955	205.50497417807512	201.47581346385687	225.21850349360892	204.7841638387246	207.90755009241326	202.48416575632794	218.00198413705823	186.083503354734	247.85933178914513	262.6595010731303	219.64675567418664	221.31584411258342	206.2730162361628	218.45280885561849
AT3G62980	1270.9392691458365	1326.5438549616888	1046.6060870707988	1156.6014678477568	1047.7692365953628	1160.6005546005008	964.5091619830755	1085.606581551628	995.4681456100102	959.7453287371306	900.6440035918781	907.7404181078092	886.2088256587463	970.5988661549471	994.4324058832508	864.1973956446373	976.1486273458569	957.0101139533201	919.1160111421423	1031.6002253375752	930.2843711978178	1047.0562781873273	934.5825801431292	1074.6597590190556	853.6566986032028	960.5396870639473	1011.8642066482021	1126.0550148448244	977.0297500747029	1041.9852231922755
AT3G63440	16.098564075847264	19.492910475075085	21.804293480641643	27.298668185226557	36.69485756681696	26.497729557089063	47.57135200902962	39.91200667469221	39.87372406448936	58.80277725304083	61.474878534643	43.69866345376762	53.186904378546004	55.22778051971249	53.75310302071626	54.790612980351646	58.11411155035731	44.77240299196819	63.14537481129222	43.51663481572898	51.365394728713866	51.95317410853151	56.519032924422504	64.96406330135684	63.422829016634196	59.55651477820977	57.331526057330066	63.73896310442403	57.35396061200624	57.21383089075722
AT4G01630	2603.7309160567706	1452.7348017213853	789.6690071367515	767.2362532058411	117.94775646476879	238.47956601380156	67.78917661286721	96.7866161861286	39.87372406448936	25.201190251303213	39.99570410687617	73.49320671770009	44.562000965808814	29.376478999847066	29.31987437493614	23.65958287787912	42.1116750364908	33.579302243976144	39.29045543813738	74.23425939153766	44.027481196040455	13.321326694495259	16.82114075131622	33.03257456001195	21.14094300554473	16.79799134770019	19.358697110267297	24.787374540609346	48.29807209432104	45.077563732111756
AT4G03190	1221.7962840721975	1242.416557121891	713.0593273399024	596.260384045738	117.94775646476879	402.7654892677537	110.60339342099385	297.34444972645696	60.498064097845926	73.50347156630104	102.21124382868354	224.4522259216246	76.18664681251184	126.90638927933934	80.6296545310744	94.63833151151648	85.90781707444124	200.07667587035786	123.48428851986034	143.34891468710723	159.8034502671098	173.17724702843836	221.36621228732147	184.98241753606695	232.55037306099206	218.3738875201025	340.2663299766213	272.6611199467028	356.1982816956177	355.41925250318883
AT4G03270	28.80795676730563	17.441025161909288	13.554020271750211	17.241264116985192	20.968490038181116	10.599091822835625	11.298196102144534	5.986801001203831	13.062082021125825	8.400396750434405	10.369256620301229	14.897271631966234	10.781129265921487	4.700236639975531	7.329968593734035	17.433376857384616	15.16020301313669	9.793963154493042	16.838766616344593	15.358812287904344	25.275035501430633	14.653459363944785	26.913825202105954	22.021716373341302	32.80491156032803	18.32508147021839	34.250002579703676	17.705267529006676	34.211134400144076	52.01257353705202
AT4G04890	0	0	0.589305229206531	0	0	1.0599091822835625	0	0	0	1.0500495938043006	8.887934245972481	1.9863028842621646	45.280742916870246	44.652248079767546	42.758150130115204	59.77157779674725	57.271878049627496	90.94394357743539	143.83113151461006	168.94693516694778	215.24546362508667	247.77667651761183	305.4719160439026	291.78774194677226	352.8350487821948	335.9598269540038	452.69568627086596	375.3516716149415	388.39699642516507	429.9706079062967
AT4G11140	17.79314976804171	32.83016501065278	34.76900852318533	22.98835215598026	30.142204429885357	18.01845609882056	42.81421680812665	51.88560867709987	48.123460077831986	39.90188456456342	50.3649607271774	45.68496633802979	53.905646329607436	44.652248079767546	50.08811872384924	26.15006528607692	36.21604053138209	33.579302243976144	20.346842994749714	28.15782252782463	52.18071845456647	39.96398008348578	39.025046543053634	19.819544736007174	45.926876184459246	33.59598269540038	53.60869968997097	19.47579428190734	36.22355407074078	39.876306378406554
AT4G13260	12.709392691458365	16.41508250532639	20.03637779302205	8.620632058492596	37.35012288051011	24.377911192521935	23.191034104401936	27.938404672284545	21.999296035580336	21.00099187608601	38.51438173254742	27.808240379670305	47.43696877005454	35.25177479981648	47.64479585927123	36.11199491886813	35.37380703065227	19.587926308986084	30.871072129965086	33.27742662379275	32.61294903410404	34.63544940568767	45.08065721352747	38.53800365334728	39.36589387239364	13.743811102663793	31.2717414858164	21.24632103480801	25.15524588245888	22.538781866055878
AT4G14550	823.5686464065021	659.6811281828042	663.5576880865539	568.9617158605114	456.71992364413245	372.02812298153043	413.87076247855765	418.07826991740086	385.6751586237678	290.8637374837912	257.0094319460376	256.23307206981923	209.8726497099383	193.88476139899063	223.5640421088881	200.48383385992307	271.1991872350008	207.0723638378529	295.3800310617114	250.86060070243764	299.22380738790457	250.44094185651088	276.53955395163865	231.22802192008368	303.2631824243658	196.9946258048477	246.4511055191721	230.16847787708676	189.16744903609077	227.12157111179383
AT4G14560	43.21193515095844	47.19336220281337	30.64387191873961	24.425124165729024	26.210612547726395	25.437820374805497	22.596392204289067	23.947204004815323	32.99894405337051	16.80079350086881	19.25719086627371	21.84933172688381	33.062129748825896	21.151064879889887	19.546582916624093	31.131030102472526	18.529137016055955	44.77240299196819	26.661380475878936	20.47841638387246	32.61294903410404	26.642653388990517	29.60520772231655	38.53800365334728	27.70192531761034	30.541802450363985	31.2717414858164	24.787374540609346	22.13661637656381	27.74003921976108
AT4G21750	5.083757076583346	3.077827969748698	5.303747062858778	0	2.6210612547726395	2.119818364567125	4.162493300790091	2.9934005006019153	1.374956002223771	1.0500495938043006	4.4439671229862405	0	2.87496780424573	3.525177479981648	2.4433228645780116	1.245241204098901	6.7378680058385285	15.390513528489066	13.330690237939468	43.51663481572898	48.104099825303464	49.28890876963246	76.03155619594932	74.87383566936043	92.58275040359244	68.71905551331896	151.8913157882511	131.0189797146494	133.82590809468124	150.83646325745087
AT4G23750	230.46365413844504	264.693205398388	184.45253674164417	169.5390971503544	110.08457270045086	152.62692224883298	131.4158599249443	153.661225697565	114.121348184573	77.70366994151824	99.98926026719042	122.15762738212312	132.24851899530358	130.431566759321	111.17119033829954	140.71225606317583	135.5995936175004	155.30427287838967	199.258738293411	120.3106962552507	277.21006678988437	222.46615579807084	265.77402387079627	173.9715593493963	338.98408612338966	213.79261715254788	335.7989383357904	249.6442721589941	289.78843256592626	319.01045102725243
AT4G23980	627.8439989580432	658.6551855262213	955.2637765437867	939.6488943756931	1072.6693185157028	1088.5267302052187	1137.5499549159206	1087.6021818853626	947.3446855321782	1012.2478084273457	1005.8178921692191	1059.6925887538648	1056.5506680603057	1079.879368034378	1203.3365108046708	998.6834456873186	1092.3768504465716	1108.1169740512128	1218.0041185822588	1167.2697338807302	982.4650896523842	1158.9554224210876	971.589089796025	1082.367359749725	855.8436927072247	888.7664513055919	871.8859352355001	1005.6591956475792	719.440032238324	863.4087207150636
AT4G27260	1112.4955069256555	1247.5462704048055	928.7450412294927	1255.7387365204215	730.6208247678733	750.4157010567623	718.9220572364601	576.7284964493024	813.2864753153606	556.5262847162793	674.7423415067442	556.1648075934061	633.9304008361835	508.8006162773512	619.382346170526	486.8893108026703	553.3474099794892	524.6765975621272	627.2440564588361	604.1132833242376	754.1744464136559	683.3840594276068	795.9763803522835	681.5721217549133	769.8219246156979	768.1263316266542	1113.1250838403696	803.8191458169031	1001.1787861218634	988.2388972039885
AT4G28640	250.79868244477842	226.73332710482075	197.41725178418787	232.7570655793001	157.2636752863584	143.08773960828094	146.28190742776607	133.7052223602189	164.9947202668525	136.50644719455906	145.1695926842172	152.94532208818669	97.74890534435482	95.1797919595045	84.29463882794141	124.5241204098901	107.80588809341646	118.92669544741551	96.8229080439814	87.03326963145796	109.25337926424854	73.26729681972392	108.32814643847647	103.50206695470412	116.639685547833	103.84212833123755	98.28261609828012	90.29686439793404	103.63961303573058	140.43394855004047
AT4G28720	480.4150437371262	552.9830918981827	322.3499603759724	461.2038151293539	183.47428783408478	193.96338035789194	88.0070012167048	103.77121735419973	50.87337208227953	51.45243009641073	38.51438173254742	68.52744950704468	10.062387314860056	23.501183199877655	15.881598619757076	8.716688428692308	10.94903550948761	18.188788715487078	21.04845827043074	20.47841638387246	10.599208436083813	27.974786058440046	20.185368901579466	11.010858186670651	7.289980346739562	6.108360490072797	2.2336958204154573	15.934740776106008	8.04967868238684	20.805029414820808
AT4G30080	307.56730313329246	348.8205032381857	390.1200617347235	297.4118060179946	433.1303723511787	434.5627647362606	503.66168939560106	501.8934839342545	547.2324888850609	476.72251558715243	497.724317774459	551.1990503827507	515.3379789110471	486.4744922374674	526.5360773165615	515.529858496945	580.2988820028432	528.8740103426243	617.4214425993017	496.6015973089072	536.4830116110115	583.4741092188924	539.6221953022243	529.6222787788583	511.02762230644333	595.5651477820977	497.36960267917516	580.732774951419	490.024189790299	513.19072556558
AT4G31820	548.1984714249041	408.3251773199939	328.83231789724425	339.0781943007088	223.44547196936753	224.70074664411524	152.22832642889477	234.4830392138167	177.36932428686646	214.21011713607732	214.05108309050394	230.41113457441108	213.46635946524546	222.08618123884384	232.1156721349111	215.42672830910988	240.03654770799758	179.08961196787277	300.29133799147854	253.4204027504217	256.8269736435693	289.0727892705471	276.53955395163865	226.8236786454154	224.53139467957854	284.03876278838504	336.5435036092622	316.92428876921946	315.9498882836835	282.601649551316
AT4G32280	41.517349458763995	24.622623757989583	33.00109283556573	40.22961627296545	27.521143175112716	27.557638739372624	19.623182703724716	23.947204004815323	25.436686041139765	21.00099187608601	14.072562556123096	33.7671490324568	10.781129265921487	12.92565075993271	2.4433228645780116	7.4714472245934065	10.94903550948761	6.99568796749503	4.911306929767172	15.358812287904344	16.30647451705202	3.996398008348578	8.746993190684435	4.4043432746682605	9.476974450761432	6.108360490072797	5.211956914302734	7.08210701160267	4.02483934119342	3.467504902470135
AT4G32880	684.6126196465573	705.8485477290347	635.8603423138469	803.1555534495603	737.1734779048049	768.4341571555827	887.2057149684024	735.3787229812039	680.6032211007666	832.6893278868104	722.8853186724285	787.5690936099483	736.7104998379683	881.294369995412	878.3745698157952	865.4426368487362	814.4397952057321	839.4825560994036	872.8094029471947	783.2994266831216	843.8600562574421	1017.7493594594378	956.113640304814	935.9229458670054	814.2908047308091	868.9142797128553	944.1087667622666	979.1012943540691	842.1976321447232	882.4799976786493
AT4G33430	3148.540216097286	2845.9649293609627	2540.494843109355	2968.370972140951	2429.068517860544	2488.6667600018045	2099.0859073984316	2273.9865802905883	2186.180043535796	2233.455486021747	1829.4331322960024	2043.9056679057674	1919.7597512850862	2199.7107475085486	2087.8193877819112	2153.022041887	1958.1928891968223	1969.9857316466005	1893.6596290630855	2147.6739182586243	1738.2701835177454	2010.1881981993347	1784.3866108996247	1926.9001826673639	1721.1643598652108	2002.0151506213592	1612.72838233996	1864.3646708044027	1630.0599331833353	1660.9348482831947
AT4G34160	129.63580545287533	153.89139848743488	135.5402027175021	96.26372465316733	98.28979705397398	93.2720080409535	115.36052862189682	87.80641468432286	147.80777023905537	164.8577862272752	201.4598429087096	141.02750478261368	257.3096184799928	216.2108854388744	218.67739637973204	262.74589406486814	264.46131922916226	243.44994126882705	435.0014709222353	343.0134744298637	518.5458896422542	455.58937295173786	592.7770000763836	454.7484431094979	644.4342626517773	493.2501095733783	628.4130908102153	573.6506679398162	624.8563077202786	605.0796054810386
AT4G37490	64.39425630338906	93.36078174904384	81.9134268597078	100.57404068241362	124.50040960170038	121.88955596260968	143.9033398273146	147.67442469636117	133.3707322157058	153.30724069542788	166.64876711198403	128.11653603490961	127.93606728893498	104.58026523945556	125.8311275257676	109.58122596070329	122.96609110655315	124.52324582141154	125.58913434690342	125.43030035121882	203.83093146315025	118.5598075810078	185.70539389453108	165.16287280005977	189.53948901522864	146.60065176174712	237.51632223751028	166.42951477266274	160.9935736477368	244.4590956241445
AT4G37590	1685.2654708873793	1976.991499235247	1367.1881317591517	1581.8859827333915	1063.4956041239986	1325.9463870367367	1060.8411498013604	1292.1512160931602	910.9083514732483	969.1957750813694	780.6568912712496	1098.425494996977	822.2407920142788	898.9202573953203	787.9716238264087	884.1212549102197	844.7602012320056	968.2032147013122	800.5430295520491	860.0934881226433	700.3630805073843	921.835807259072	854.513950166864	1012.9989531736999	854.3856966378768	870.4413698353735	961.9783333255903	947.2318128018571	852.2597304977068	970.9013726916378
AT4G37650	856.6130674042938	860.7658888730525	687.1298972548151	778.7304292838312	601.5335579703208	586.12977780281	554.8008928053079	516.8604864372641	485.3594687849912	460.97177168008795	525.1287816995408	419.1099085793167	537.6189793939515	479.42413727750414	461.7880214052442	481.9083459862747	494.39106492840205	463.114543448171	465.8725430522004	412.12812972543327	541.3749539661271	515.5353430769666	520.7825176607502	529.6222787788583	616.0033392994931	584.8755169244703	689.4674432349044	578.9622481985183	651.0177634380358	674.4297035304412
AT4G37750	27.960663921208404	23.596681101406684	60.69843860827268	30.17221220472409	103.53191956351927	71.01391521299868	155.2015359294591	98.78221651986321	181.49419229353776	178.5084309467311	199.23785934721647	170.82204804654614	260.18458628423855	186.83440643902736	274.8738222650263	300.1031301878351	253.51228371967466	281.2266562933002	411.8481668247615	332.77426623792746	419.07639508823695	388.98273947926157	473.6833235570648	321.517059050783	550.393516178837	500.8855601859693	480.9891666627951	493.9769640592862	534.2974225434266	542.6645172365761
AT4G37780	0	0	8.250273208891432	0	7.207918450624759	1.0599091822835625	0	3.9912006674692204	2.0624340033356567	1.0500495938043006	0	1.9863028842621646	2.87496780424573	5.875295799969414	4.886645729156023	3.7357236122967032	0	6.99568796749503	4.209691654086148	5.119604095968115	8.96856098437861	3.996398008348578	12.11122134094768	6.606514912002391	9.476974450761432	6.108360490072797	8.19021800819001	5.311580258702002	11.068308188281906	8.668762256175338
AT4G38210	99.98055583947247	82.07541252663194	88.98508961018617	71.83860048743831	101.56612362243979	99.63146313465487	110.00875152088099	97.7844163529959	117.55873819013242	96.60456262999566	117.024467571971	71.50690383343793	107.09255070815344	91.65461447952285	90.40294598938644	92.14784910331868	85.90781707444124	71.3560172684493	94.71806221693834	71.67445734355361	114.14532161936414	77.2636948280725	111.69237458873971	96.89555204270174	113.72369340913718	80.93577649346456	113.91848684118831	81.4442306334307	120.74518023580262	93.62263236669364
AT4G39400	1406.5061245213924	1411.6970954580695	1035.9985929450813	1041.6597070678554	540.593883796857	862.7660743788198	582.1544202104999	828.1741384998633	500.48398480945264	584.8776237489953	465.13522553922655	672.3635263227427	490.182010623897	708.5606734763113	583.9541646341448	622.6206020494506	496.9177654305915	633.8093298550497	493.93715407944137	588.7544710363333	485.9329406081502	779.2976116279726	721.2905154164396	720.1101254082606	594.8623962939483	809.3577649346456	813.0652786312264	887.0339032032344	678.1854289910914	714.3060099088478
AT5G00580	4.2364642304861215	1.0259426565828993	5.303747062858778	5.747088038995065	9.17371439170424	10.599091822835625	3.5678514006772213	2.9934005006019153	13.062082021125825	9.450446344238705	5.925289497314988	7.9452115370486585	2.87496780424573	1.1750591599938827	7.329968593734035	0	0.8422335007298161	6.99568796749503	3.508076378405123	2.5598020479840575	3.261294903410404	3.996398008348578	1.3456912601052977	0	2.186994104021869	1.5270901225181992	1.4891305469436382	1.7705267529006674	2.01241967059671	0
AT5G02470	218.6015542930839	211.34418725607725	245.7402805791234	212.6422574428174	238.5165741843102	208.8021089098618	254.50673324830845	222.50943721140905	233.05504237692918	189.0089268847741	224.42033971080517	221.47277159523136	202.68523019932397	242.06218695873983	188.1358605725069	211.69100469681317	203.8205071766155	218.26546458584494	201.36358412045408	227.8223822705811	211.98416872167627	175.84151236733743	206.5636084261632	195.9932757227376	244.21434161577534	216.84679739758428	211.45653766599662	205.38110333647742	227.40342277742826	230.58907601426398
AT5G03150	444.8287442010428	544.7755506455195	452.58641603061574	548.8469077240287	369.5696369229422	411.2447627260222	379.97617417212405	392.1354655788509	379.4878566137608	453.62142452345785	368.1086100206936	451.88390616964244	465.7447842878083	472.3737823175409	441.0197770563311	485.6440695985714	433.75025287585527	467.311956228668	360.6302517000467	494.0417952609231	386.4634460541329	415.6253928682521	415.1457537424843	494.38753258151223	451.9787814978529	450.49158614286875	473.54351392807695	474.5011697773789	501.09249797858087	490.6519436995241
AT5G05610	518.5432218115013	524.2566975138615	555.1255259125521	498.55988738282184	529.4543734640732	515.1158625898114	543.5026967031633	502.8912841011218	592.6060369584453	578.5773261861696	602.8982063518	507.50038692898306	597.9933032831118	611.030763196819	704.8986464307563	582.7728835182857	623.2527905400639	582.0412388955865	670.7442035510596	581.0750648923811	715.0389075727311	612.7810279467819	681.5926232433333	597.8895995362163	698.3801172176501	623.0527699874252	646.282657373539	589.5854087159223	698.3096256970584	670.9621986279711
AT5G06080	0.8472928460972243	5.129713282914496	1.7679156876195927	18.67803612673396	19.00269409710164	12.718910187402749	11.892838002257404	14.967002503009578	13.062082021125825	16.80079350086881	11.850578994629975	3.9726057685243292	7.906161461675757	5.875295799969414	4.886645729156023	3.7357236122967032	7.580101506568345	5.596550373996024	11.225844410896395	2.5598020479840575	9.783884710231213	3.996398008348578	5.382765040421191	8.808686549336521	9.476974450761432	12.216720980145594	8.19021800819001	5.311580258702002	17.105567200072038	10.402514707410404
AT5G10510	152.51271229750037	244.17435226673	158.52310665655682	196.83776533558097	149.40049152204045	245.89893028978648	174.23007673307097	207.54243470839947	171.86950027797138	178.5084309467311	204.42248765736707	226.43852880588676	258.02836043105424	272.61372511858076	272.4304994004483	273.95306490175824	293.93949175470584	338.59129762675946	331.8640253971247	322.53505804599126	430.49092725017334	432.9431175710959	540.9678865623297	421.71586854948595	541.6455397627495	589.4567872920248	676.0652683124117	662.1770055848497	633.9121962379637	643.22215940821
AT5G12330	251.64597529087564	189.79939146783636	235.13278645340583	265.80282180352174	250.96661514448024	208.8021089098618	245.58710474661538	244.46104088248975	209.68079033912508	255.16205129444504	225.90166208513392	185.7193196785124	299.7153935926174	262.0381926786358	274.8738222650263	305.08409500423073	293.097258253976	292.41975704129226	378.87224886775334	284.1380273262304	534.0370404334536	424.9503215543988	542.3135778224349	396.3908947201434	537.2715515547058	413.841423202432	593.4185229570398	426.6969474490609	560.4588782611838	528.7944976266956
AT5G14750	120.31558414580586	122.087176133365	58.93052292065309	48.85024833145805	19.6579594107948	42.3963672913425	9.514270401805923	23.947204004815323	6.187302010006969	2.1000991876086013	5.925289497314988	22.842483169014894	5.74993560849146	7.050354959963296	7.329968593734035	2.490482408197802	1.6844670014596321	32.18016465047714	9.822613859534345	5.119604095968115	21.198416872167627	10.657061355596207	29.60520772231655	26.426059648009563	34.9919056643499	30.541802450363985	37.22826367359095	24.787374540609346	41.25460324723256	38.142553927171484
AT5G16560	154.20729798969484	189.79939146783636	83.68134254732739	136.4933409261328	66.18179668300915	122.94946514489324	57.68026431094841	91.797615351792075	85.93475013898569	94.50446344238705	89.62000364688919	156.917927856711	83.37406632312617	129.2565075993271	101.3978988799875	115.8074319811978	104.4369540904972	177.69047437437376	126.29074962258444	163.82733107097968	109.25337926424854	149.1988589783469	101.59969013794998	155.2531004320562	122.47166982522465	128.27557029152874	119.13044375549104	155.80635425525873	113.70171138871413	149.1027108062158
AT5G17430	33.04442099779175	51.297132829144964	19.44707256381552	18.67803612673396	8.518449078011079	22.258092827954812	9.514270401805923	14.967002503009578	4.1248680066713135	5.250247969021503	8.147273058808109	14.897271631966234	7.187419510614325	19.976005719896005	25.654890078069123	18.678618061483515	33.68934002919264	22.386201495984096	94.71806221693834	76.79406143952173	117.40661652277456	126.55260359770496	147.3531929815301	178.37590262406457	151.6315912121829	119.11302955641953	201.77718911086296	129.2484529617487	164.01220315363187	156.03772061115606
AT5G17800	52.53215645802791	56.42684611205946	105.48563602796904	99.13726867266486	169.7137162465284	150.50710388426586	237.2621181450352	188.5842315379207	306.61518849590095	275.11299357672675	271.8226556893251	249.28101197490165	263.77829603954575	245.5873644387215	183.24921484335087	296.36740657553844	253.51228371967466	244.84907886232605	202.0651993961351	199.6645597427565	322.0528717117774	265.09440122045567	304.1262247837973	230.12693610141662	355.0220428862167	337.48691707652205	330.5869814214877	325.7769225337228	319.97472762487695	386.62679662542
AT5G18560	92.35492022459745	82.07541252663194	187.98836811688335	249.9983296962853	256.2087376540255	261.79756802403995	240.82996954571243	234.4830392138167	262.6165964247403	214.21011713607732	234.7895963311064	197.63713698408537	217.77881117161405	175.08381483908852	197.90915203081894	197.99335145172526	236.6676137050783	202.87495105735587	160.66989813095464	158.70772697501155	168.7720112514884	150.53099164779644	129.18636097010858	145.3433280640526	139.9676226573996	100.78794808620115	79.66848426148464	104.46107842113938	92.57130484744867	84.95387011051831
AT5G20730	793.066103947002	802.2871574478272	845.6530039113719	859.1896618297621	726.0339675720212	825.6692529988951	795.0362204509074	811.2115356631191	612.54289899069	699.3330294736642	578.4563871753757	633.6306200796305	536.1814954918286	728.5366791962073	649.9238819777511	651.2611497437252	603.0391865225483	614.2214035460636	561.2922205448198	721.8641775315042	475.3337321720664	654.0771406997172	507.32560505969724	644.1352039202332	466.558742191332	630.6882206000163	497.36960267917516	619.6843635152336	408.5211931311322	457.7106471260578
AT5G25620	191.4881832179727	196.98099006391666	420.7639336534631	310.3427541057335	644.1258033603762	526.7748635949305	942.5074116788993	738.3721234818058	1051.8413417011848	1065.800337711365	1199.8711232062851	862.0554517697794	1223.298800706558	1102.2054920742619	1097.0519661955273	1130.6790133218021	1073.0054799297857	990.5894161972963	1138.019977154622	878.0121024585317	1030.5691894776878	927.1643379368701	987.7373849172885	856.6447669229767	921.4535158278807	988.0273092692748	868.1631088681411	963.1665535779631	744.5952781207828	908.4862844471753
AT5G25890	5788.704724536236	5068.1567235195225	4624.278133583648	5185.310183183297	3470.2851013189747	3313.2761038184162	2628.3171984988862	2801.822868563393	2265.240013663663	2000.3444761971925	1797.5847012479344	2245.5154106583773	1461.9211284589537	1668.5840071913135	1743.3108638764113	1368.5200833046922	1904.2899451501141	1565.6349671253877	1690.8928143912694	1553.799843126323	1472.4746488897974	1465.3459363944785	1351.074025145719	1491.9712842938732	1258.2506078472486	1246.1055399748504	1005.1631191869558	1244.6803072891691	984.0732189217913	993.4401545576936
AT5G26930	151.66541945140315	133.3725453557769	87.21717392256657	86.20632058492596	47.83436789960067	24.377911192521935	27.35352740519203	15.964802669876882	13.749560022237711	16.80079350086881	5.925289497314988	8.938362979179741	0	3.525177479981648	0	3.7357236122967032	1.6844670014596321	1.399137593499006	0	2.5598020479840575	0.815323725852601	0	0	1.1010858186670651	1.4579960693479126	1.5270901225181992	2.9782610938872764	0	0	0
AT5G37020	344.0008955154731	430.8959157648177	373.6195153169406	363.50331846643786	305.3536361810125	391.10648826263457	418.03325577934777	437.03647308787964	334.80178654148824	434.7205318349804	413.2889424377204	454.8633604960357	406.80794430077077	485.29943307747357	476.44795859271227	541.679923783022	446.38375538680253	533.0714231231212	515.6872276255531	593.8740751323013	467.1804949135404	579.4777112105438	619.017979648437	720.1101254082606	624.7513157155805	702.4614563583716	751.2663609330655	704.6696476544656	629.8873568967704	610.2808628347437
AT5G38005	166.06939783505598	133.3725453557769	146.14769684321968	192.52744930633466	166.43738967806263	139.90801206143024	154.0122521292334	118.73821985720932	133.3707322157058	117.60555450608166	140.72562556123097	127.12338459277854	151.65455167396226	118.68097515938216	128.2744503903456	105.84550234840658	148.23309612844764	137.1154841629026	131.20205655235162	130.54990444718692	137.78970966908958	110.56701156431065	121.1122134094768	107.90641022937238	123.92966589457257	120.64011967893774	128.06522703715288	106.23160517404004	134.83211792997957	107.49265197657418
AT5G39550	259.27161090575066	306.75685431828686	233.95417599499277	224.13643352080751	219.51388008720858	264.9772955708906	316.34949086004696	285.37084772404927	303.8652764914534	302.41428301563855	422.17687668369285	311.84955282915985	393.15184723060355	383.06928615800575	401.92661122308294	397.23194410754945	380.6895423298769	393.1576637732207	367.64640445685694	343.0134744298637	395.43200703851153	387.650606809812	555.0976447934353	430.5245550988225	477.49371271144133	461.18121700049613	466.84242646683055	478.0422232831802	510.148386496266	544.3982696878112
AT5G42630	119.46829129970864	160.04705442693228	79.55620594288168	51.723792350955584	13.105306273863198	66.77427848386444	11.298196102144534	34.92300584035568	15.811994025573366	16.80079350086881	19.997852053438084	41.71236056950546	50.311936574300276	25.85130151986542	65.96971734360632	53.54537177625274	53.90294404670823	76.95256764244533	96.8229080439814	51.19604095968115	130.45179613641616	74.59942948917345	104.96391828821322	96.89555204270174	137.78062855337774	100.78794808620115	150.40218524130745	122.16634595014605	167.03083265952696	142.16770100127553
AT5G43170	86.42387030191688	107.72397894120442	124.93270859178456	102.0108126921624	176.92163469715317	157.9264681602508	216.44965164108476	169.62602836744188	239.24234438693617	186.9088276971655	177.75868491944962	157.91107929884208	186.87290727597244	157.45792743918028	142.93438757781368	166.86232134925274	180.23796915618064	134.31720897590458	169.08928143912695	127.99010239920287	200.56963655973985	158.5237876644936	184.3597026344258	133.2313840587149	169.8565420790318	143.54647151671074	174.22827399240566	131.0189797146494	201.24196705967103	188.97901718462236
AT5G43890	690.5436695692379	485.27087656371134	444.3361428217243	321.8369301837236	410.8513516856113	425.02358209570855	259.85851034932426	423.0672707517374	408.36193266046	175.3582821653182	150.3542209943678	133.08229324556504	219.93503702479833	148.05745415922922	183.24921484335087	124.5241204098901	157.4976646364756	132.91807138240557	124.18590379554136	243.18119455848546	261.7189159986849	122.55620558935638	192.43385019505757	184.98241753606695	171.3145381483797	97.73376784116475	225.60327786196117	93.83791790373537	269.66423585995915	227.12157111179383
AT5G53290	327.9023314396258	354.97615917768314	319.99273945914626	343.3885103299551	306.6641668083988	258.61784047718925	297.3209500564351	226.50063787887828	282.55345845698497	212.1100179484687	181.4619908552715	243.32210332211517	178.9667458142967	133.95674423930262	152.70767903612574	128.2598440221868	129.7039591123917	165.0982360328827	172.59735781753207	158.70772697501155	243.7817940299277	154.527389656145	277.21239958169133	193.79110408540348	287.95422369621275	265.71368131816666	285.1684997397067	277.9727002054048	321.9871472954736	305.1404314173719
AT5G54510	836.2780390979605	1013.6313447039045	1019.4980465272985	1379.3011293588154	1031.3876037530338	1151.061371959949	746.870226541765	910.9915523498496	675.7908750929835	663.631343284318	660.6697789506211	649.5210431537279	528.2753340301529	460.62319071760203	538.7526916394515	590.2443307428791	568.5076129926258	649.1998433835388	669.3409729996976	724.4239795794882	775.3728632858235	775.301213619624	754.2599512890193	973.3598637016855	843.4507261177674	731.4761686862174	1069.940297979004	959.6255000721618	956.9055533687357	929.2913138619962
AT5G56320	705.7949407989879	724.3155155475268	457.89016309347454	377.8710385639255	134.98465462079093	240.59938437836868	120.71230572291265	177.6084297023803	89.37214014454511	64.05302522206233	89.62000364688919	135.0685961298272	101.34261509966198	103.40520607946168	45.20147299469322	64.75254261314285	57.271878049627496	141.3128969433996	87.00029418444706	69.11465529556955	99.46949455401733	78.59582749752202	92.1798513172129	60.55972002668858	58.3198427739165	79.40868637094636	61.054352424689164	49.57474908121869	75.46573764737664	69.3500980494027
AT5G57090	2628.30240859359	2894.184234220359	1774.9873503700712	1531.5989623921846	670.9916812217957	1098.0659128457708	451.9278440857814	892.0333491793708	392.54993863488664	280.3632415457482	275.5259616251469	546.2332931720953	155.2482614292694	314.91585487836056	141.71272614552467	154.40990930826374	120.4393906043637	328.7973344722664	137.51659403348083	143.34891468710723	120.66791142618496	135.87753228385165	172.2484812934781	149.74767133872086	106.43371306239762	171.0340937220383	195.0761016496166	194.7579428190734	266.6456063540641	305.1404314173719
AT5G57390	30.502542459500077	33.856107667235676	81.9134268597078	91.95340862392104	112.05036864153034	107.05082741063981	120.11766382279978	103.77121735419973	107.24656817345414	119.70565369369027	125.17174063077911	109.24665863441905	119.3111638761978	110.45556103942498	111.17119033829954	102.10977873610989	85.90781707444124	83.94825560994036	74.37121922218861	79.35386348750578	79.9017251335549	61.27810279467819	60.5561067047384	59.458634208021515	56.86184670456859	76.35450612590996	46.16304695525278	47.80422232831802	62.38500978849802	41.610058829641616
AT5G60200	227.07448275405613	220.57767116532335	230.41834461975358	198.27453734532972	254.8982070266392	237.41965683151798	218.82821924153623	186.58863120418607	238.55486638582428	219.46036510509882	284.4138958711194	240.3426489957219	293.24671603306444	246.76242359871537	337.17855531176565	277.6887885140549	335.2089332904668	316.20509613077536	364.1383280784518	302.0566416621188	384.0174748765751	375.6614127847663	393.61469358079955	325.92140232545125	351.37705271284693	274.87622205327585	385.6848116584023	350.56429707433216	348.14860301323085	329.4129657346628
AT5G60450	184.7098404491949	194.92910475075087	285.223730935961	261.49250577427546	312.5615546316373	301.0142077685317	332.9994640632073	302.33345056079344	290.8031944703276	333.91577082976755	308.85571504754375	294.96597831293144	268.80948969697573	244.41230527872762	228.4506878380441	295.12216537143956	269.51472023354114	236.45425330133202	269.4202658615135	230.38218431856518	244.59711775578032	303.7262486344919	307.4904529340605	240.0367084694202	282.1222394188211	374.1370800169588	282.93480391929126	276.2021734525041	323.99956696607035	319.01045102725243
AT5G60690	999.8055583947247	1055.6949936238034	1289.3998415038895	1370.680497300323	1433.7205063606339	1430.8773960828094	1579.3688866997832	1598.4758673214228	1390.0805182482325	1646.4777630851434	1343.5593935161735	1306.9872978445044	1395.0781270102405	1411.246051152653	1194.7848807786477	1419.5749726727472	1126.0661904757642	1273.2152100840954	1192.745968657742	1369.4940956714706	1023.2312759450143	1265.5260359770496	1237.3631136668212	1116.501020128404	1184.6218063451788	1339.2580374484608	1283.630531465416	1191.5645047021492	1076.64452376924	1095.7315491805625
AT5G62000	1955.5518887923938	2043.6777719131353	2509.8509711906154	2291.651355549282	2648.5823979477523	2701.7085056408005	3239.014429914804	2889.6292832477156	2761.599130466444	3101.8465000979036	2718.967218080415	3213.838066736182	2561.596313582945	3071.6046442240095	2956.420666139394	2961.1835833471864	2662.300095806949	2761.8976095670378	2804.3562568970556	3020.5664166211877	2347.3170067296383	2892.0600253749208	2539.3194078186966	2604.067961147609	2190.6390941952386	3003.786270993298	2379.6306140159336	2570.804845211769	2030.5314476320807	2103.0417233481367
AT5G64610	418.5626659720288	467.82985140180205	381.86978852583206	428.1580589051323	374.81175943248746	471.65958611618527	430.520735681718	417.08046975053355	406.98697665823624	388.5183497075912	445.13737348578843	415.1373028107924	435.5576223432281	408.9205876778712	393.37498119705987	408.43911494443955	454.8060903941007	411.34645248870777	453.2434680899419	422.36733791736947	438.64416450869936	399.6398008348578	465.609175996433	464.65821547750147	451.9787814978529	448.96449602035057	469.076122287246	478.0422232831802	470.9062029196302	428.2368554550617
AT5G65230	23.724199690722283	29.752337040904077	86.03856346415351	63.21796842894571	163.16106310959682	118.70982841575899	220.61214494187485	229.49403837948017	304.55275449256527	360.1670106748751	290.3391853684344	297.9454326393247	249.40345701831708	198.58499803896618	213.79075065057603	249.0482408197802	229.9297456992398	162.2999608458847	200.66196884477304	184.30574745485214	111.69935044180635	130.54900160605354	119.7665221493715	91.3901229493664	84.56377202217892	91.62540735109195	55.84239551038643	38.95158856381468	36.22355407074078	27.74003921976108
AT5G65510	122.01016983800031	105.67209362803862	150.2728334476654	116.37853278965005	165.78212436436945	152.62692224883298	144.49798172742746	151.66562536383037	164.9947202668525	110.25520734945155	146.65091505854593	162.8768365094975	143.7483902122865	151.58263163921086	185.6925377079289	136.97653245087912	190.34477116493844	118.92669544741551	178.21028002298027	133.109706495171	157.357479089552	143.8703283005488	154.0816492820566	158.5563578880574	123.92966589457257	116.05884931138314	145.93479360047652	127.47792620884806	148.91905562415656	142.16770100127553
AT5G67440	244.02033967600062	288.2898864997947	235.13278645340583	212.6422574428174	228.03232916521966	236.35974764923444	261.04779414955004	252.4434422174282	272.2412884403067	323.41527489172455	333.29753422396806	307.87694706063553	342.8399106563033	324.31632815831165	317.63197239514153	359.8747079845824	310.78416176930216	325.9990592852684	310.8155671266939	345.57327647784774	309.0076920981358	365.00435142917013	323.6387480553241	307.2029434081112	387.09795641187077	409.2601528348774	341.01089525009314	359.41693083883547	402.48393411934205	358.88675740565895
