gene_id	lbd16_T06_A	lbd16_T06_B	lbd16_T09_A	lbd16_T09_B	lbd16_T12_A	lbd16_T12_B	lbd16_T15_A	lbd16_T15_B	lbd16_T18_A	lbd16_T18_B	lbd16_T21_A	lbd16_T21_B
AT1G03840	250.85145398810056	291.426517342547	287.75624719084556	398.4240013858009	332.08363224148104	369.2668663521882	399.6023153945805	365.9988673388338	389.5796137582347	386.5574341235857	392.8578929310038	378.2434216137763
AT1G04240	117.74660085155742	140.45556377076363	131.20492099893477	137.87942768721035	138.27744686776424	155.19911774222402	172.09150808963687	209.35533036637096	135.13542852238766	180.23036485508956	194.3168072561954	204.7516042620029
AT1G04550	218.85509506104694	187.77481787535245	208.7351015892144	238.6740437895848	240.62453352579448	236.23905114456758	293.13892479675434	306.32513896837173	294.619582904665	301.7431447800142	314.00469578356217	302.43843835646993
AT1G04610	162.5415033494325	155.47754920079183	77.53018059027963	44.69195242275094	10.88798794234364	10.703387430498207	14.58402610929126	2.4864053487692512	15.826671808928285	2.4465660387568717	0	3.125978691022945
AT1G08925	1.2798543570821457	3.004397086005639	0	1.9017852094787633	0	2.2935830208210444	0	0	0	0	0	0
AT1G09605	23.037378427478625	23.284077416543703	44.72895034054594	47.544630236969084	79.48231197910857	51.22335413166999	72.92013054645629	67.63022548652363	161.9190269682663	92.96950947276112	99.97458924050633	119.56868493162764
AT1G09745	11.518689213739313	13.519786887025376	14.909650113515314	17.11606688530887	17.420780707749827	17.584136492961342	8.750415665574756	17.40483744138476	15.826671808928285	13.048352206703315	15.48902086824746	15.629893455114725
AT1G09925	16.638106642067896	14.270886158526785	17.891580136218376	30.428563351660213	29.39756744432783	30.58110694428059	27.709649607653393	33.815112743261814	15.826671808928285	32.62088051675829	30.97804173649492	26.570818873695032
AT1G12820	383.95630712464373	398.8337131672486	371.2502878265313	441.2141685990731	415.9211393975271	400.61250097007576	440.43758850059606	380.42001836169544	533.2370963315838	431.4111448341284	456.2220692101979	434.51103805218935
AT1G14510	581.0538781152942	514.5030009784657	557.6209142454727	556.2721737725383	521.5346224382604	523.7014564208051	554.1929921530678	550.9874252872661	620.8925094271866	565.9722769657564	551.9723800320913	584.5580152212907
AT1G15580	0	1.5021985430028195	2.9819300227030627	0	0	1.5290553472140296	0	1.4918432092615508	2.434872585988967	4.077610064594786	0	1.5629893455114725
AT1G16060	153.5825228498575	111.91379145371006	172.95194131677763	193.98209136683386	244.97972870273193	292.04957131787967	319.3901717934786	371.46895910612614	278.7929110957367	321.31567309006914	394.2659857372081	413.41068188778445
AT1G17950	40.95533942662866	15.021985430028197	47.710880363249004	55.15177107488414	92.54789750992094	120.03084475630132	126.88102715083396	197.9178657620324	154.6144092102994	198.1718491393066	211.2139209306472	257.89324200939296
AT1G19220	240.6126191314434	268.8935391975047	214.6989616346205	194.93298397157324	145.8990384274048	174.3123095823994	145.84026109291258	166.58915836753982	84.00310421661936	161.47335855795353	178.82778638794795	146.92099847807842
AT1G19850	166.38106642067896	181.76602370334118	251.9730869184088	341.370445101438	285.2652840894034	438.8388846504265	398.1439127836514	586.7916623095433	476.0175905608431	808.1823148026866	767.4105793813515	601.7508980219169
AT1G23080	1153.1487757310133	1089.8450429485456	1055.6032280368843	1091.6247102408101	1023.4708665803023	991.5923926682982	1102.5523738624192	1133.3035579690247	1286.830161695169	1201.263925029624	1209.5517205295062	1165.2085570788026
AT1G26870	5.119417428328583	10.515389801019737	2.9819300227030627	2.852677814218145	0	1.5290553472140296	0	0	6.087181464972417	0	0	0
AT1G28130	323.8031523417829	316.21279330209353	351.8677426789614	345.1740155203955	548.7545922941196	476.30074065717025	560.0266025967844	578.8351651934817	490.62682607677687	571.680931056189	704.0464031021573	504.06406392744987
AT1G30330	395.47499633838305	489.7167250189192	421.9430982124834	361.339189800965	403.9443526609491	372.3249770466162	514.8161216579815	486.34088621926554	530.8022237455948	588.8068933274872	628.0093915671243	540.0128188742137
AT1G30490	232.93349298895052	219.32098727841165	223.6447517027297	203.49101741422768	287.44288167787215	224.77113604046235	294.59732740768345	269.52633980658686	276.35803850974776	330.28641523217766	284.4347468532715	271.17865144624045
AT1G31320	57.59344606869656	60.08794172011279	95.42176072649801	85.58033442654435	138.27744686776424	104.74029128416103	228.96920991587277	218.80367069169412	392.0144863442237	307.45179887044685	237.96768424852917	362.6135281586616
AT1G32240	49.91431992620369	60.8390409916142	37.27412528378829	39.93748939905403	42.4631529751402	32.110162291494625	45.2104809388029	46.744420556861925	31.65334361785657	61.164150968921795	47.8751554109467	51.578648401878596
AT1G47870	176.6199012773361	178.76162661733554	162.51518623731693	208.24548043792458	221.02615522957592	227.8292467348904	231.88601513773102	253.61334557446364	203.31186093007875	255.25839004363363	261.9052619540025	259.45623135490445
AT1G51190	21.757524070396478	21.781878873540883	11.927720090812251	8.558033442654436	4.355195176937457	3.058110694428059	1.458402610929126	0	1.2174362929944835	3.262088051675829	2.816185612408629	4.688968036534417
AT1G51950	286.68737598640064	293.6798151570512	298.1930022703063	329.00884123982604	287.44288167787215	331.80501034544443	281.4717039093213	274.9964315738792	170.44108101922768	282.1706164699592	242.19196266714212	275.08612481001916
AT1G52150	839.5844582458876	815.693808850531	778.2837359254994	898.5935114787156	830.7534800008198	801.9895296137586	826.9142803968144	840.9022889537607	707.3304862297949	729.8922015624668	787.1238786682119	593.1544566216038
AT1G53700	40.95533942662866	69.1011329781297	44.72895034054594	26.624992932702686	13.065585530812369	6.880749062463133	1.458402610929126	2.4864053487692512	7.304617757966901	0	1.4080928062043145	1.5629893455114725
AT1G54990	566.9754801873905	553.560163096539	593.4040745179095	542.0087847014476	528.0674152036665	587.1572533301874	590.653057426296	597.731845844128	741.4187024336404	596.1465914437578	540.7076375824568	618.1622861497874
AT1G59750	613.0502370423478	536.2848798520066	651.5517099606192	699.8569570881849	750.1823692274769	785.1699207944042	767.1197733487203	816.0382354660683	803.5079533763591	735.6008556528994	806.8371779550722	700.2192267891397
AT1G63650	38.395630712464374	45.065956290084586	32.80123024973369	19.017852094787635	13.065585530812369	6.880749062463133	5.833610443716504	4.9728106975385025	2.434872585988967	3.262088051675829	2.816185612408629	5.470462709290154
AT1G64000	19.197815356232187	18.777481787535244	59.638600454061255	68.46426754123549	113.23507460037386	191.89644607536073	210.00997597379413	314.7789171541872	208.1816061020567	312.3449309479606	301.33186052772334	422.00712328809755
AT1G65380	61.433009139942996	52.57694900509868	79.02114560163116	81.77676400758682	100.1694890695615	93.27237618005582	110.83859843061357	102.43990036929316	96.1774671465642	110.09547174405922	104.19886765911927	128.94662100469648
AT1G67105	17.91796099915004	4.506595629008459	8.945790068109188	5.70535562843629	8.710390353874914	10.703387430498207	14.58402610929126	7.956497116061604	14.609235515933802	9.786264155027487	5.632371224817258	13.285409436847516
AT1G68880	272.60897805849703	222.3253843644173	506.92810385952066	532.4998586540537	726.2287957543209	584.0991426357593	1157.971673077726	1047.2739329016085	1215.0014204084946	1563.355698765641	1315.1586809948299	1418.4128310516612
AT1G70210	281.56795855807206	208.05449820589052	375.7231828605859	397.4731087810615	595.5729404461972	504.58826458062975	697.1164480241222	663.87022812139	620.8925094271866	562.7101889140805	588.5827929934035	488.43417047233515
AT1G70940	941.9728068124593	964.4114646078102	994.4736625714714	892.8881558502794	884.1046209183037	957.9531750295896	896.9176057214124	889.1385527198843	1263.698872128274	952.5297110893421	916.6684168390088	829.9473424665919
AT1G73590	383.95630712464373	384.5628270087218	436.8527483259987	397.4731087810615	531.3338115863697	463.303770205851	602.320278313729	520.1559989625274	687.8515055418832	587.1758493016492	609.7041850864682	510.3160213094958
AT1G74500	232.93349298895052	313.9594954875893	178.91580136218377	86.53122703128373	32.663963827030926	22.17130253460343	23.334441774866015	1.989124279015401	124.17850188543731	5.7086540904327006	12.672835255838832	7.033452054801626
AT1G75820	497.8633449049547	528.0227878654911	560.6028442681758	554.3703885630595	528.0674152036665	555.0470910386928	542.5257712656348	518.6641557532658	616.0227642552087	559.4481008624047	618.1527419236941	513.4420000005188
AT1G76420	0	1.5021985430028195	0	0.9508926047393816	0	0	0	1.4918432092615508	0	0.8155220129189572	0	1.5629893455114725
AT1G76540	184.299027419829	151.72205284328479	295.2110722476032	301.432955702384	565.086574207635	509.9399582958789	663.5731879727523	657.40557421459	764.5499920005357	696.4557990327895	678.7007325904797	658.0185144603299
AT1G77690	1389.9218317912103	1542.7579036638958	1109.2779684455393	836.7854921706559	672.877654836837	588.6863086774014	665.0315905836815	756.86178816536	1014.1244320644048	901.9673462883667	881.4660966839009	761.1758112640871
AT1G77850	144.62354235028246	119.42478416872416	105.85851580595873	147.38835373460415	106.70228183496768	138.3795089228697	141.46505326012522	130.7849213452626	148.527227745327	106.83338369238339	139.40118781422714	132.85409436847516
AT1G79580	17.91796099915004	36.80386430356908	17.891580136218376	21.87052990900578	5.44399397117182	3.058110694428059	5.833610443716504	0.4972810697538502	3.6523088789834506	2.4465660387568717	1.4080928062043145	3.125978691022945
AT1G79840	332.7621328413579	345.5056648906485	220.66282168002664	176.866024481525	130.6558553081237	124.61801079794341	118.13061148525921	104.42902464830856	175.31082619120562	85.6298113564905	94.34221801568907	110.97224353131455
AT1G80100	6.399271785410729	9.013191258016917	8.945790068109188	6.656248233175671	9.799189148109276	3.822638368035074	4.375207832787378	5.470091767292352	8.522054050961385	2.4465660387568717	9.856649643430202	10.15943074582457
AT1G80370	55.03373735453227	79.61652277914943	74.54825056757657	67.51337493649609	106.70228183496768	58.868630867740144	109.38019581968445	114.37464604338555	91.30772197458626	118.2506918732488	94.34221801568907	103.15729680375719
AT2G01420	733.3565466080695	696.2690246818069	574.0215293703395	665.6248233175671	399.58915748401165	513.762596663914	297.5141326295417	358.0423702227722	273.9231659237588	230.7927296560649	166.15495113210912	152.39146118736858
AT2G14878	244.45218220268984	191.5303142328595	207.24413657786286	212.99994346162148	308.13005876832506	250.00054926949386	341.26621095741547	324.7245385492642	591.674038395319	400.421308343208	404.1226353806383	444.67046879801393
AT2G14960	93.42936806699664	70.60333152113252	146.11457111245008	105.54907912607136	101.25828786379586	119.26631708269431	112.2970010415427	100.9480571600316	135.13542852238766	80.73667927897677	49.28324821715101	57.83060578392448
AT2G22490	464.5871316208189	462.67715124486847	481.58169866654464	500.1695100929148	566.1753730018694	486.23960041406144	533.7753556000602	520.1559989625274	552.7160770194955	595.3310694308387	566.0533080941344	565.802143075153
AT2G23050	140.78397927903603	154.72644992929042	71.5663205448735	61.808019308059805	11.976786736578005	22.935830208210444	17.500831331149513	0.9945621395077004	29.218471031867605	8.155220129189573	12.672835255838832	7.814946727557363
AT2G23170	323.8031523417829	228.33417853642857	569.548634336285	626.6382265232526	850.3518582970383	675.0779357949941	1302.3535315597094	1240.7162690358564	2170.6889104091642	1993.9513215868503	1654.5090472900697	1725.5402374446655
AT2G23380	468.4266946920653	506.2409089919502	354.8496727016645	431.70524255167925	359.30360209734016	348.6246191647988	427.31196500223393	357.0478080832645	277.57547480274224	401.236830356127	359.0636655821002	375.1174429227534
AT2G25170	752.5543619643017	810.4361139500212	676.8981151535952	669.4283937365246	787.2015282314452	743.8854264196254	842.9567091170348	807.5844572802528	417.58064849710786	813.0754468802004	875.8337254590837	684.5893333340249
AT2G26700	15.358252284985749	20.279680330538064	13.418685102163781	13.312496466351343	14.154384325046733	6.880749062463133	5.833610443716504	7.459216046307754	12.174362929944834	3.262088051675829	12.672835255838832	11.722420091336044
AT2G27230	609.2106739711014	627.1678917036772	566.5667043135819	616.1784078711194	657.6344717175559	623.8545816633241	669.4067984164689	673.8158495164671	497.93144383474373	720.9214594203582	763.1863009627385	696.311753425361
AT2G30590	71.67184399660016	70.60333152113252	77.53018059027963	68.46426754123549	74.03831800793677	61.16221388856118	59.79450704809417	65.64110120750823	52.34976059876279	61.97967298184075	76.03701153503299	66.42704718423758
AT2G33310	504.26261669036546	497.2277177339333	587.4402144725034	676.0846419697003	604.2833308000721	674.313408121387	702.9500584678387	735.9759832356983	740.201266140646	812.2599248672814	799.7967139240507	736.1679817359036
AT2G34650	47.354611212039394	45.065956290084586	31.310265238382158	27.57588553744207	27.2199698558591	32.110162291494625	36.460065273228146	21.38308599941556	35.30565249684002	30.174314478001417	22.529484899269033	17.974377473381935
AT2G34655	7.6791261424928745	23.284077416543703	14.909650113515314	13.312496466351343	5.44399397117182	4.587166041642089	0	1.989124279015401	3.6523088789834506	0.8155220129189572	1.4080928062043145	1.5629893455114725
AT2G34710	454.3482967641618	393.57601826673874	366.7773927924767	421.2454238995461	424.631529751402	439.6034123240335	504.6073033814776	491.8109779865579	612.3704553762252	543.1376606040255	598.4394426368337	457.9558782348614
AT2G36010	71.67184399660016	95.38960748067905	71.5663205448735	80.82587140284744	70.77192162523367	83.33351642316461	70.00332532459805	102.937181439047	86.43797680260833	70.13489311103032	115.4636101087538	92.21637138517687
AT2G36930	225.25436684645766	207.3033989343891	259.42791197516647	193.98209136683386	215.58216125840408	205.65794420028698	287.30531435303783	218.30638962194027	248.35700377087463	296.0344906895815	256.27289072918524	308.6903957385158
AT2G38120	1977.3749816919153	1989.6619702072346	1856.2514391326565	1721.1156145782809	1724.6572900672327	1556.5783434638822	1653.8285607936289	1753.9103330218297	2141.4704393772963	1738.692931543217	1513.6997666696382	1397.3124748872565
AT2G39700	293.0866477718114	204.29900184838345	547.184159166012	516.3346843734843	1085.532397851661	782.1118100999762	1653.8285607936289	1654.9514001408136	3518.390886754057	3121.0027434408494	2600.747413059369	2773.524593610108
AT2G42360	58.87330042577871	52.57694900509868	77.53018059027963	70.36605275071425	115.41267218884259	113.1500956938382	113.75540365247183	109.40183534584706	149.74466403832147	112.5420377828161	84.48556837225888	121.91316894989485
AT2G42430	16.638106642067896	34.55056648906485	41.747020317842875	42.79016721327218	45.72954935784329	42.81354972199283	49.585688771590284	50.22538804513888	58.43694206373521	48.931320775137436	47.8751554109467	58.61210045668022
AT2G42440	28.156795855807207	34.55056648906485	62.620530476764316	69.41516014597487	39.196756592437104	51.987881805277006	29.16805221858252	51.717231254400424	28.00103473887312	32.62088051675829	35.20232015510786	49.234164383611386
AT2G45420	48.63446556912154	49.572551919093044	56.656670431358194	67.51337493649609	59.883933682890024	69.57201829823835	62.711312269952415	63.15469585873898	108.35183007650903	63.610717007678666	59.139897860581215	46.88968036534418
AT2G46130	10.238834856657165	1.5021985430028195	32.80123024973369	43.74105981801156	56.61753730018693	72.63012899266641	123.9642219289757	155.15169376320128	180.18057136318356	169.62857868714312	149.25783745765736	196.1551628616898
AT2G47000	6862.579062674466	6376.081715775468	6563.227979969441	6125.650159731097	5541.985862652913	5024.475870945302	4888.56555183443	4411.87765085616	3613.3509176076273	4297.801008082904	4396.06574096987	3374.493996959269
AT3G02260	1926.1808074086293	1882.254774382533	1941.2364447796938	1865.6512904986669	2128.601642728182	1963.3070658228141	2100.0997597379414	2110.9581411050945	1938.1585784472177	2071.425912814151	2234.643283446247	1760.7074977186737
AT3G03315	7.6791261424928745	9.764290529518327	11.927720090812251	14.263389071090725	20.687177090452916	17.584136492961342	20.417636553007764	14.421151022861658	13.39179922293932	12.232830193784359	15.48902086824746	10.940925418580308
AT3G11280	638.6473241839907	594.1195237576152	952.7266422536285	919.5131487829821	1290.2265711677214	1206.4246689518693	1652.3701581826997	1686.77738860506	1879.7216363834825	1892.0110699719808	1910.781938019255	2006.096824963975
AT3G12280	526.0201407607619	546.8002696530264	593.4040745179095	581.9462741005016	733.8503873139614	637.6160797882503	787.537409901728	743.4351992820061	540.5417140895506	751.0957738983597	787.1238786682119	595.498940639871
AT3G12965	628.4084893273335	485.2101293899107	454.7443284622171	286.21867402655386	277.64369252976286	235.47452347096058	357.3086396776359	285.43933403871006	793.7684630324032	376.77116996855824	426.6521202799073	413.41068188778445
AT3G14370	72.9516983536823	120.17588344022558	55.16570542000666	61.808019308059805	10.88798794234364	12.996970451319251	5.833610443716504	4.475529627784653	12.174362929944834	2.4465660387568717	2.816185612408629	2.3444840182672086
AT3G15540	202.21698841897904	181.76602370334118	152.0784311578562	116.00889777820456	132.83345289659243	136.08592590204864	131.25623498362134	136.25501311255496	119.30875671345939	128.03695602827628	84.48556837225888	104.72028614926866
AT3G20840	23.037378427478625	45.065956290084586	20.873510158921437	22.82142251374516	9.799189148109276	8.409804409677163	8.750415665574756	5.967372837046203	10.956926636950351	1.6310440258379144	7.040464031021573	5.470462709290154
AT3G23030	829.3456233892305	869.7729563986326	599.3679345633157	755.008728163069	548.7545922941196	652.9066332603907	449.1880041661708	559.9384845428353	422.45039366908577	556.1860128107288	470.3029972722411	503.2825692546941
AT3G25710	184.299027419829	208.80559747739193	216.18992664597204	251.03564765119677	309.21885756255944	340.9793424287286	382.10148406343103	383.9009858499724	462.6257913379037	466.47859138964355	459.0382548226066	455.61139421659425
AT3G26810	1322.0895508658566	1380.5204610195913	1252.4106095352863	1335.0532170540919	1317.4465410235805	1239.299358916971	1117.1363999717105	1224.3059937339792	1161.4342235167373	1208.6036231458945	1174.3494003743983	1126.9153181137717
AT3G28860	1773.8781389158542	2155.6549092090463	1191.2810440698736	793.9953249573837	633.6808982443999	525.9950394416262	562.9434078186426	494.794664405081	584.369420637352	557.8170568365667	630.825577179533	429.82207001565496
AT3G44750	477.38567519164036	515.2541002499671	503.9461738368176	403.17846440949785	450.76270081302675	342.5083977759426	492.9400824940446	399.8139800820956	623.3273820131756	658.1262644255985	544.9319160010698	592.3729619488481
AT3G50630	376.27718098215087	425.87328694129934	402.56055306491345	392.71864575736464	319.01804671066867	383.02836447711445	274.1796908546757	315.27619822394104	226.44315049697394	287.8792705603919	271.76191159743274	300.87544901095845
AT3G50870	20.47766971331433	21.030779602039473	8.945790068109188	7.607140837915053	2.1775975884687284	1.5290553472140296	1.458402610929126	0.4972810697538502	13.39179922293932	0.8155220129189572	5.632371224817258	3.9074733637786814
AT3G54220	531.1395581890905	590.3640274001081	505.4371388481691	513.4820065592661	467.0946827265422	449.5422720809247	361.6838475104232	328.20550603754117	303.1416369556264	260.9670441340663	273.17000440363705	213.348045662316
AT3G54610	198.37742534773258	235.09407197994128	240.04536682759655	213.95083606636086	224.292551612279	243.88432788063773	249.38684646888055	305.8278578986179	282.44521997472015	311.52940893504166	319.6370670083794	302.43843835646993
AT3G58190	38.395630712464374	33.04836794606203	38.765090295139814	60.857126703320425	56.61753730018693	42.81354972199283	51.04409138251941	64.64653906800054	47.48001542678486	48.115798762218475	52.099433829559636	43.76370167432123
AT3G58780	15.358252284985749	12.017588344022556	14.909650113515314	22.82142251374516	4.355195176937457	12.232442777712237	11.667220887433007	7.956497116061604	1.2174362929944835	8.970742142108529	8.448556837225887	6.25195738204589
AT3G61198	30.716504569971498	15.773084701529607	34.29219526108522	13.312496466351343	45.72954935784329	22.935830208210444	13.125623498362133	17.40483744138476	24.34872585988967	25.281182400487673	23.93757770547335	32.82277625574092
AT3G61830	40.95533942662866	22.532978145042293	65.60246049946738	54.20087847014476	80.57111077334294	65.74937993020328	105.00498798689706	99.9534950205239	112.00413895549248	164.73544660962935	149.25783745765736	153.17295586012432
AT3G62980	861.3419823162841	852.4976731541001	809.5940011638816	755.008728163069	726.2287957543209	704.8945150656676	733.5765132973504	689.7288437485903	1117.606516968936	653.2331323480847	715.3111455517918	571.2726057844432
AT3G63440	15.358252284985749	12.017588344022556	25.346405192976032	19.968744699527015	30.486366238562194	36.69732833313671	36.460065273228146	44.755296277846526	48.69745171977934	48.115798762218475	53.50752663576395	43.76370167432123
AT4G01630	990.6072723815809	779.6410438184633	375.7231828605859	245.33029202276046	56.61753730018693	45.107132742813874	27.709649607653393	8.453778185815453	36.5230887898345	8.155220129189573	15.48902086824746	6.25195738204589
AT4G03190	674.4832461822908	829.2135957375564	486.05459370059924	176.866024481525	76.2159155964055	67.2784352774173	87.50415665574756	31.825988464246414	185.0503165351615	52.19340882681326	64.77226908539848	27.35231354645077
AT4G03270	16.638106642067896	16.524183973031015	8.945790068109188	10.459818652133198	11.976786736578005	7.645276736070148	5.833610443716504	8.453778185815453	9.739490343955868	10.601786167946445	7.040464031021573	4.688968036534417
AT4G04890	0	0	0	0	0	0	0	0.4972810697538502	0	0.8155220129189572	0	2.3444840182672086
AT4G11140	3.8395630712464373	9.013191258016917	4.472895034054594	16.165174280569488	15.243183119281097	17.584136492961342	37.91846788415727	28.345020975969465	56.00206947774624	41.59162265886682	29.569948930290607	38.29323896503108
AT4G13260	6.399271785410729	9.764290529518327	10.436755079460719	12.361603861611961	19.598378296218552	22.17130253460343	11.667220887433007	19.89124279015401	26.78359844587864	13.048352206703315	16.897113674451774	12.50391476409178
AT4G14550	330.20242412719364	389.06942263773027	277.3194921113848	214.90172867110024	199.25017934488864	202.59983350585892	169.17470286777862	171.56196906507833	177.7456987771946	150.05605037708813	143.6254662328401	104.72028614926866
AT4G14560	20.47766971331433	32.29726867456062	16.400615124866846	17.11606688530887	13.065585530812369	13.761498124926266	14.58402610929126	15.415713162369357	12.174362929944834	19.572528310054974	16.897113674451774	14.84839878235899
AT4G21750	1.2798543570821457	1.5021985430028195	0	0.9508926047393816	0	0	0	2.4864053487692512	0	0.8155220129189572	1.4080928062043145	0.7814946727557363
AT4G23750	119.02645520863956	148.71765575727915	110.33141084001332	105.54907912607136	69.68312283099931	71.8656013190594	71.46172793552718	67.13294441676979	105.91695749052006	59.53310694308388	43.65087699233375	55.48612176565727
AT4G23980	532.4194125461727	423.61998912679513	651.5517099606192	576.2409184720653	704.4528198696336	766.0567289542289	788.9958125126572	730.0086103986522	577.0648028793852	629.582993973435	756.145836931717	662.7074824968644
AT4G27260	678.3228092535372	602.3816157441306	550.1660891887151	554.3703885630595	379.99077918779307	396.02533492843367	417.10314672573	384.89554798948006	553.93351331249	453.4302391829402	428.0602130861116	361.0505388131501
AT4G28640	148.46310542152892	150.21985430028195	168.47904628272303	188.27673573839758	163.3198191351546	131.49875986040655	87.50415665574756	131.28220241501646	104.69952119752558	133.74561011870898	99.97458924050633	118.78719025887192
AT4G28720	298.20606520013996	299.6886093290625	231.09957675948735	181.6204875052219	94.72549509838967	111.62104034662417	46.66888354973203	55.19819874267738	25.566162152884154	22.834616361730802	11.264742449634516	28.133808219206504
AT4G30080	199.65727970481475	208.80559747739193	234.08150678219042	241.52672160380294	305.9524611798563	292.8140989914867	315.0149639606912	345.6103434789259	316.5334361785657	329.4708932192587	314.00469578356217	298.5309649926912
AT4G31820	248.29174527393627	236.59627052294408	162.51518623731693	184.47316531944006	124.1230625427175	117.73726173548029	122.50581931804658	100.45077609027776	97.39490343955868	114.98860382157297	97.1584036280977	142.232030441544
AT4G32280	17.91796099915004	19.528581059036654	14.909650113515314	17.11606688530887	18.50957950198419	20.6422471873894	2.916805221858252	15.415713162369357	14.609235515933802	9.786264155027487	21.12139209306472	17.974377473381935
AT4G32880	574.6546063298834	570.0843470695701	581.4763544270972	566.7319924246715	657.6344717175559	564.9859507955839	628.5715253104532	610.661153657728	669.589961146966	689.1161009165189	599.847535443038	548.6092602745268
AT4G33430	2093.8417281863904	2061.0164009998684	2076.914260812683	2166.1333535963113	1911.9306826755433	1833.3373613096217	1717.9982756745103	1666.886145814906	1935.7237058612288	1577.2195729852633	1615.0824487163488	1489.5288462724334
AT4G34160	99.82863985240738	126.18467761223685	86.47597065838882	76.07140837915054	82.74870836181167	59.63315854134716	87.50415665574756	88.51603041618534	140.0051736943656	144.34739628665542	163.3387655197005	149.2654824963456
AT4G37490	63.99271785410729	68.3500337066283	74.54825056757657	41.83927460853279	84.9263059502804	74.92371201348745	121.04741670711745	83.54321971864684	77.91592275164695	97.86264155027487	101.38268204671066	75.80498325730642
AT4G37590	958.6109134545272	1181.4791540717176	867.7416366065912	832.031029146959	767.6031499352267	737.0046773571623	714.6172793552718	689.7288437485903	469.93040909587063	709.5041512394928	642.0903196291674	628.321716895612
AT4G37650	587.453149900705	630.9233880611843	542.7112641319574	543.9105699109263	466.0058839323078	433.4871909351774	405.435925838297	364.50702412957224	546.6288955545231	323.762239128826	368.92031522553043	320.41281582985187
AT4G37750	17.91796099915004	27.79067304555216	26.837370204327563	76.07140837915054	71.86072041946804	104.74029128416103	126.88102715083396	133.76860776378572	108.35183007650903	203.06498121682034	229.5191274113033	185.99573211586522
AT4G37780	0	2.2532978145042293	2.9819300227030627	0.9508926047393816	1.0887987942343642	1.5290553472140296	0	0.4972810697538502	0	0	1.4080928062043145	0
AT4G38210	51.19417428328583	54.83024681960291	59.638600454061255	53.24998586540537	69.68312283099931	58.868630867740144	64.16971488088154	74.59216046307753	96.1774671465642	70.13489311103032	59.139897860581215	57.04911111116875
AT4G39400	968.8497483111844	1068.0631640750048	760.392155789281	588.6025223336773	563.9977754134006	443.4260506920686	481.27286160661157	388.8737965475109	624.54481830617	397.15922029153216	405.5307281868426	318.8498264843404
AT5G00580	5.119417428328583	1.5021985430028195	0	4.754463023696909	6.532792765406184	4.587166041642089	2.916805221858252	4.475529627784653	4.869745171977934	3.262088051675829	1.4080928062043145	6.25195738204589
AT5G02470	129.2652900652967	172.75283244532426	172.95194131677763	186.37495052891882	161.14222154668587	158.25722843665207	154.59067675848735	167.08643943729368	158.26671808928285	181.86140888092746	163.3387655197005	185.21423744310948
AT5G03150	374.9973266250687	387.56722409472746	363.7954627697737	349.92847854409246	296.15327203174706	299.6948480539498	307.7229509060456	284.9420529689562	249.5744400638691	309.89836490920374	332.30990226421824	273.5231354645077
AT5G05610	340.4412589838508	387.56722409472746	345.90388263355527	356.58472677726814	384.3459743647305	360.857061942511	460.8552250536038	397.8248558030802	512.5406793506776	389.81952217526157	450.58969798538067	417.31815525156316
AT5G06080	7.6791261424928745	0	10.436755079460719	9.508926047393818	14.154384325046733	16.819608819354325	10.208818276503882	16.907556371630907	13.39179922293932	11.417308180865401	14.080928062043146	10.940925418580308
AT5G10510	69.11213528243587	114.16708926821428	101.38562077190413	75.12051577441115	87.10390353874912	84.09804409677163	156.0490793694165	98.46165181126234	99.82977602554764	109.27994973114026	112.64742449634517	97.68683409446703
AT5G12330	180.45946434858254	205.05010111988489	174.44290632812917	162.60263541043426	137.1886480735299	155.19911774222402	185.217131587999	171.56196906507833	225.22571420397944	156.5802264804398	147.84974465145302	160.20640791492593
AT5G14750	48.63446556912154	75.10992715014098	25.346405192976032	7.607140837915053	6.532792765406184	9.174332083284177	5.833610443716504	0	12.174362929944834	1.6310440258379144	2.816185612408629	2.3444840182672086
AT5G16560	66.55242656827158	97.64290529518327	56.656670431358194	76.07140837915054	34.841561415499655	54.28146482609805	46.66888354973203	49.728106975385025	43.827706547801405	59.53310694308388	53.50752663576395	71.89750989352774
AT5G17430	12.798543570821458	24.035176688045112	8.945790068109188	9.508926047393818	4.355195176937457	0	2.916805221858252	0.9945621395077004	6.087181464972417	1.6310440258379144	2.816185612408629	2.3444840182672086
AT5G17800	61.433009139942996	57.83464390560856	111.82237585136485	100.79461610237446	124.1230625427175	125.38253847155043	164.79949503499122	180.51302832064763	178.96313507018908	225.0840755656322	216.84629215546445	250.85978995459135
AT5G18560	56.313591711614414	43.563757747081766	110.33141084001332	92.23658265972003	123.03426374848314	174.3123095823994	163.3410924240621	172.05925013483218	137.57030110837664	185.93901894552224	143.6254662328401	167.23985996972755
AT5G20730	674.4832461822908	616.6525019026575	620.241444722237	588.6025223336773	571.6193669730411	612.3866665592188	543.984173876564	557.4520791940661	428.5375751340582	534.9824404748359	504.0972246211446	465.77082496241883
AT5G25620	217.5752407039648	156.22864847229323	344.41291762220374	350.8793711488318	603.1945320058377	484.7105450668474	667.9483958055397	719.0684268640674	969.0792892236088	732.3387676012236	763.1863009627385	815.8804383569886
AT5G25890	3358.3378329835505	3389.7110122858626	2777.667816147903	3253.954493418164	2164.532002937916	2660.5563041524115	1771.959172278888	2094.547865803217	1401.2691732366504	1441.0273968277975	1309.5263097700126	1480.9324048721203
AT5G26930	79.35097013909304	60.8390409916142	80.5121106129827	80.82587140284744	23.95357347315601	35.168272985922684	10.208818276503882	9.945621395077005	3.6523088789834506	11.417308180865401	4.224278418612943	3.9074733637786814
AT5G37020	271.3291237014149	285.41772317053574	262.40984199786953	230.11601034693035	274.3772961470598	270.6427964568833	288.76371696396694	289.41758259674083	259.313930407825	302.55866679293314	329.4937166518096	290.71601826513387
AT5G38005	58.87330042577871	66.84783516362548	71.5663205448735	99.84372349763507	79.48231197910857	81.80446107595058	71.46172793552718	82.54865757913915	105.91695749052006	81.55220129189573	71.81273311642005	88.30889802139819
AT5G39550	198.37742534773258	223.82758290742012	171.4609763054261	155.9463871772586	195.98378296218553	130.73423218679955	214.38518380658152	213.33357892440176	345.75190721043333	257.7049560823905	316.8208813959708	233.66690715396513
AT5G42630	65.27257221118944	96.14070675218045	40.25605530649135	22.82142251374516	9.799189148109276	12.996970451319251	5.833610443716504	10.940183534584705	21.913853273900703	12.232830193784359	15.48902086824746	8.596441400313099
AT5G43170	65.27257221118944	70.60333152113252	89.45790068109189	74.16962316967177	104.52468424649895	122.32442777712237	160.42428720220386	142.22238594960118	213.0513512740346	148.4250063512502	140.80928062043145	135.19857838674238
AT5G43890	403.1541224808759	297.4353115145583	205.75317156651133	122.66514601138023	143.72144083893608	262.9975197208131	245.01163863609315	159.62722339098593	237.40007713392427	151.68709440292605	122.50407413977537	72.67900456628347
AT5G53290	215.01553198980048	265.8891421114991	237.06343680489348	220.60708429953655	175.29660587173262	177.37042027682745	172.09150808963687	176.03749869286298	193.57237058612287	213.66676738476679	139.40118781422714	103.15729680375719
AT5G54510	742.3155271076446	611.3948070021476	624.7143397562917	775.9283654673354	788.2903270256796	795.8733082249024	688.3660323585475	659.8919795633593	589.23916580933	476.26485554467104	398.490264155821	455.61139421659425
AT5G56320	459.46771419249035	545.2980711100236	246.00922687300266	218.7052990900578	96.9030926868584	88.68521013841372	46.66888354973203	40.77704771981572	136.35286481538216	30.989836490920375	35.20232015510786	21.10035616440488
AT5G57090	1412.959210218689	1801.8871523318821	902.0338318676764	758.8122985820265	420.27633457446456	460.2456595114229	315.0149639606912	225.26832459849416	580.7171117583687	177.78379881633268	185.86825041896952	187.5587214613767
AT5G57390	23.037378427478625	21.030779602039473	31.310265238382158	39.93748939905403	56.61753730018693	56.5750478469191	58.33610443716504	60.66829050996973	43.827706547801405	73.39698116270615	66.18036189160279	60.95658447494743
AT5G60200	161.26164899235036	136.7000674132566	138.6597460556924	154.04460196777984	132.83345289659243	171.2541988879713	140.0066506491961	136.25501311255496	196.00724317211186	140.26978622206065	146.4416518452487	156.29893455114725
AT5G60450	166.38106642067896	141.95776231376647	223.6447517027297	243.4285068132817	277.64369252976286	227.8292467348904	240.63643080330579	266.54265338806374	282.44521997472015	286.24822653455396	273.17000440363705	250.85978995459135
AT5G60690	762.7931968209589	887.7993389146664	1000.4375226168776	1123.9550588019492	1161.7483134480665	1076.4549644386768	1069.0091138110492	1207.3984373623484	909.4249108668791	1242.8555476884908	1133.5147089944733	984.6832876722277
AT5G62000	1580.6201309964501	1463.1413808847462	1735.4832732131824	1664.062058293918	2071.984105427995	1985.4783683574176	2119.05899368002	2046.8088831068476	1577.7974357208507	2089.3673970983687	2278.294160438581	1748.9850776273377
AT5G64610	296.92621084305785	325.9770838316119	268.37370204327567	269.102607141245	317.9292479164343	243.11980020703072	268.3460804109592	258.58615627200214	204.52929722307323	296.8500127025004	319.6370670083794	282.9010715375765
AT5G65230	33.27621328413579	18.777481787535244	35.78316027243675	62.75891191279919	60.97273247712439	97.8595422216979	154.59067675848735	205.37708180834017	141.22260998736007	203.8805032297393	232.3353130237119	217.25551902609467
AT5G65510	72.9516983536823	69.1011329781297	74.54825056757657	96.99104568341693	92.54789750992094	79.51087805512954	110.83859843061357	88.51603041618534	122.96106559244284	92.96950947276112	84.48556837225888	115.66121156784897
AT5G67440	127.98543570821458	156.97974774379466	195.31641648705062	186.37495052891882	189.45099019677934	152.90553472140297	153.13227414755823	189.9613686459708	189.92006170713944	225.0840755656322	275.98619001604567	241.4818538815225
